Name,Survived,MetroStation,SceneOfTheCrime,Age,Sex,Weight,IQ,EzhisVictimID,Siblings,Parents,PassID
Иванов; Давид,0,Павелецкая,бар,4.9,мальчик,0.3,30,1,1,0,A/5 21171
Смирнова; Марина,1,Академическая,начальная школа,8.5,девочка,2.6,10,2,1,0,PC 17599
Кузнецова; Галина,1,Павелецкая,бар,5.8,девочка,0.3,30,3,0,0,STON/O2. 3101282
Попова; Юлия,1,Александровский сад,бар,7.8,девочка,2.0,10,4,1,0,113803
Васильев; Кирилл,0,Павелецкая,бар,7.8,мальчик,0.3,30,5,0,0,373450
,0,Павелецкая,подворотня,,unknown,0.3,30,6,0,0,330877
Соколов; Владимир,0,Алексеевская,бар,12.1,мальчик,1.9,10,7,0,0,17463
Михайлов; Георгий,0,Павелецкая,бар,0.4,мальчик,0.8,30,8,3,1,349909
Новикова; Оксана,1,Павелецкая,бар,6.0,девочка,0.4,30,9,0,2,347742
Федорова; Варвара,1,Павелецкая,начальная школа,3.1,девочка,1.1,20,10,1,0,237736
Морозова; Евгения,1,Алтуфьево,бар,0.8,девочка,0.6,30,11,1,1,PP 9549
Волкова; Татьяна,1,Аннино,бар,13.0,девочка,1.0,10,12,0,0,113783
Алексеев; Дмитрий,0,Павелецкая,бар,4.4,мальчик,0.3,30,13,0,0,A/5. 2151
,0,Павелецкая,бар,8.7,unknown,1.2,30,14,1,5,347082
Семенова; Лилия,0,Павелецкая,бар,3.1,девочка,0.3,30,15,0,0,350406
Егорова; Кира,1,Павелецкая,бар,12.3,девочка,0.6,20,16,0,0,248706
Павлов; Михаил,0,Павелецкая,подворотня,0.4,мальчик,1.1,30,17,4,1,382652
Козлов; Владислав,1,Павелецкая,бар,,мальчик,0.5,20,18,0,0,244373
Степанова; Валентина,0,Павелецкая,бар,6.9,девочка,0.7,30,19,1,0,345763
Николаева; Алиса,1,Павелецкая,начальная школа,,девочка,0.3,30,20,0,0,2649
Орлов; Никита,0,Павелецкая,бар,7.8,мальчик,1.0,20,21,0,0,239865
Андреев; Дмитрий,1,Арбатская,бар,7.6,мальчик,0.5,20,22,0,0,248698
Макарова; Альбина,1,Павелецкая,подворотня,3.3,девочка,0.3,30,23,0,0,330923
Никитин; Данила,1,Автозаводская,бар,6.2,мальчик,1.3,10,24,0,0,113788
Михайлова; Анна,0,Павелецкая,бар,1.7,девочка,0.8,30,25,3,1,349909
Захарова; Мария,1,Павелецкая,бар,8.5,девочка,1.2,30,26,1,5,347077
Зайцев; Никита,0,Павелецкая,начальная школа,,мальчик,0.3,30,27,0,0,2631
Соловьев; Дамир,0,Алма-Атинская,бар,4.2,мальчик,9.8,10,28,3,2,19950
,1,Павелецкая,подворотня,,unknown,0.3,30,29,0,0,330959
Яковлев; Евгений,0,Павелецкая,бар,,мальчик,0.3,30,30,0,0,349216
Григорьев; Максим,0,Павелецкая,начальная школа,9.0,мальчик,1.0,10,31,0,0,PC 17601
Романова; Марина,1,Аэропорт,начальная школа,,девочка,5.4,10,32,1,0,PC 17569
Воробьева; Майя,1,Павелецкая,подворотня,,девочка,0.3,30,33,0,0,335677
Сергеев; Ярослав,0,Павелецкая,бар,14.8,мальчик,0.4,20,34,0,0,C.A. 24579
Кузьмин; Даниил,0,Павелецкая,начальная школа,6.2,мальчик,3.0,10,35,1,0,PC 17604
Фролов; Владислав,0,Павелецкая,бар,9.4,мальчик,1.9,10,36,1,0,113789
Александров; Степан,1,Павелецкая,начальная школа,,мальчик,0.3,30,37,0,0,2677
Дмитриев; Кирилл,0,Павелецкая,бар,4.7,мальчик,0.3,30,38,0,0,A./5. 2152
Степанова; Евгения,0,Павелецкая,бар,4.0,девочка,0.7,30,39,2,0,345764
Королева; Виталина,1,Павелецкая,начальная школа,3.1,девочка,0.4,30,40,1,0,2651
Гусева; Марина,0,Павелецкая,бар,9.0,девочка,0.4,30,41,1,0,7546
Киселева; Анна,0,Павелецкая,бар,6.0,девочка,0.8,20,42,1,0,11668
Ильин; Евгений,0,Павелецкая,начальная школа,,мальчик,0.3,30,43,0,0,349253
Максимова; Елизавета,1,Павелецкая,начальная школа,0.6,девочка,1.5,20,44,1,2,SC/Paris 2123
Полякова; Мирослава,1,Павелецкая,подворотня,4.2,девочка,0.3,30,45,0,0,330958
Сорокин; Эмиль,0,Павелецкая,бар,,мальчик,0.3,30,46,0,0,S.C./A.4. 23567
Виноградов; Савелий,0,Павелецкая,подворотня,,мальчик,0.6,30,47,1,0,370371
Ковалева; Ирина,1,Павелецкая,подворотня,,девочка,0.3,30,48,0,0,14311
Белов; Гордей,0,Павелецкая,начальная школа,,мальчик,0.8,30,49,2,0,2662
,0,Павелецкая,бар,4.0,unknown,0.7,30,50,1,0,349237
Антонов; Владислав,0,Павелецкая,бар,1.5,мальчик,1.5,30,51,4,1,3101295
Тарасов; Даниэль,0,Павелецкая,бар,4.7,мальчик,0.3,30,52,0,0,A/4. 39886
Жукова; Василиса,1,Бабушкинская,начальная школа,11.0,девочка,2.8,10,53,1,0,PC 17572
Баранова; Дарина,1,Павелецкая,бар,6.5,девочка,1.0,20,54,1,0,2926
Филиппов; Григорий,0,Багратионовская,начальная школа,14.6,мальчик,2.3,10,55,0,1,113509
Комаров; Роман,1,Баррикадная,бар,,мальчик,1.3,10,56,0,0,19947
Давыдова; Варвара,1,Павелецкая,бар,4.7,девочка,0.4,20,57,0,0,C.A. 31026
Беляев; Данила,0,Павелецкая,начальная школа,6.4,мальчик,0.3,30,58,0,0,2697
Герасимова; Софья,1,Павелецкая,бар,1.0,девочка,1.0,20,59,1,2,C.A. 34651
Богданов; Петр,0,Павелецкая,бар,2.4,мальчик,1.7,30,60,5,2,CA 2144
Осипов; Данила,0,Павелецкая,начальная школа,4.9,мальчик,0.3,30,61,0,0,2669
Сидорова; Маргарита,1,Бауманская,,8.5,девочка,3.0,10,62,0,0,113572
Матвеев; Олег,0,Беговая,бар,10.1,мальчик,3.1,10,63,1,0,36973
Титов; Илья,0,Павелецкая,бар,0.8,мальчик,1.0,30,64,3,2,347088
Марков; Степан,0,Павелецкая,начальная школа,,мальчик,1.0,10,65,0,0,PC 17605
Миронов; Евгений,1,Павелецкая,начальная школа,,мальчик,0.6,30,66,1,1,2661
Крылова; Алина,1,Белорусская,бар,6.5,девочка,0.4,20,67,0,0,C.A. 29395
Куликов; Александр,0,Павелецкая,бар,4.2,мальчик,0.3,30,68,0,0,S.P. 3464
Лебедева; Милана,1,Павелецкая,бар,3.8,девочка,0.3,30,69,4,2,3101281
Карпов; Одиссей,0,Павелецкая,бар,5.8,мальчик,0.3,30,70,2,0,315151
Власов; Даниэль,0,Павелецкая,бар,7.1,мальчик,0.4,20,71,0,0,C.A. 33111
Богданова; Юлия,0,Павелецкая,бар,3.5,девочка,1.7,30,72,5,2,CA 2144
Мельников; Самир,0,Павелецкая,бар,4.7,мальчик,2.7,20,73,0,0,S.O.C. 14879
Денисов; Константин,0,Павелецкая,начальная школа,5.8,мальчик,0.5,30,74,1,0,2680
Гаврилов; Артём,1,Павелецкая,бар,7.1,мальчик,2.1,30,75,0,0,1601
Тихонов; Петр,0,Беляево,бар,5.6,мальчик,0.3,30,76,0,0,348123
Казаков; Матвей,0,Павелецкая,бар,,мальчик,0.3,30,77,0,0,349208
Афанасьев; Арсений,0,Павелецкая,бар,,мальчик,0.3,30,78,0,0,374746
,1,Павелецкая,бар,0.1,unknown,1.1,20,79,0,2,248738
Савельева; Татьяна,1,Павелецкая,бар,6.7,девочка,0.5,30,80,0,0,364516
Тимофеев; Всеволод,0,Павелецкая,бар,4.9,мальчик,0.3,30,81,0,0,345767
Фомин; Роман,1,Павелецкая,бар,6.5,мальчик,0.4,30,82,0,0,345779
Чернова; Агата,1,Павелецкая,подворотня,,девочка,0.3,30,83,0,0,330932
Абрамов; Илья,0,Павелецкая,бар,6.2,мальчик,1.7,10,84,0,0,113059
Мартынова; Анна,1,Павелецкая,бар,3.8,девочка,0.4,20,85,0,0,SO/C 14885
Ефимова; Наталья,1,Павелецкая,бар,7.4,девочка,0.6,30,86,3,0,3101278
Федотов; Савелий,0,Павелецкая,бар,3.5,мальчик,1.3,30,87,1,3,W./C. 6608
Щербаков; Вадим,0,Павелецкая,бар,,мальчик,0.3,30,88,0,0,SOTON/OQ 392086
Соловьева; София,1,Алма-Атинская,бар,5.1,девочка,9.8,10,89,3,2,19950
Назаров; Ярослав,0,Павелецкая,бар,5.3,мальчик,0.3,30,90,0,0,343275
Калинин; Марк,0,Павелецкая,бар,6.5,мальчик,0.3,30,91,0,0,343276
Исаев; Степан,0,Павелецкая,бар,4.4,мальчик,0.3,30,92,0,0,347466
Чернышев; Одиссей,0,Бибирево,бар,10.3,мальчик,2.3,10,93,1,0,W.E.P. 5734
Быков; Данил,0,Павелецкая,бар,5.8,мальчик,0.8,30,94,1,2,C.A. 2315
Маслов; Николай,0,Павелецкая,бар,13.3,мальчик,0.3,30,95,0,0,364500
Родионов; Артём,0,Павелецкая,бар,,мальчик,0.3,30,96,0,0,374910
Коновалов; Мирослав,0,Библиотека Ленина,начальная школа,16.0,мальчик,1.3,10,97,0,0,PC 17754
Лазарев; Виталий,1,Битцевский парк,начальная школа,5.1,мальчик,2.3,10,98,0,1,PC 17759
Воронина; Наташа,1,Павелецкая,бар,7.6,девочка,0.9,20,99,0,1,231919
Климов; Владислав,0,Павелецкая,бар,7.6,мальчик,1.0,20,100,1,0,244367
Филатова; Юлия,0,Павелецкая,бар,6.2,девочка,0.3,30,101,0,0,349245
Пономарев; Алексей,0,Павелецкая,бар,,мальчик,0.3,30,102,0,0,349215
Голубев; Ростислав,0,Борисово,бар,4.7,мальчик,2.9,10,103,0,1,35281
Кудрявцев; Игорь,0,Павелецкая,бар,7.4,мальчик,0.3,30,104,0,0,7540
Прохоров; Андрей,0,Павелецкая,бар,8.3,мальчик,0.3,30,105,2,0,3101276
Наумов; Константин,0,Павелецкая,бар,6.2,мальчик,0.3,30,106,0,0,349207
Потапова; Светлана,1,Павелецкая,бар,4.7,девочка,0.3,30,107,0,0,343120
Журавлев; Мирослав,1,Павелецкая,бар,,мальчик,0.3,30,108,0,0,312991
Овчинников; Николай,0,Павелецкая,бар,8.5,мальчик,0.3,30,109,0,0,349249
Петрова; Анна,1,Павелецкая,подворотня,,девочка,0.9,30,110,1,0,371110
Трофимов; Данил,0,Боровицкая,бар,10.5,мальчик,1.9,10,111,0,0,110465
Леонова; Маргарита,0,Павелецкая,начальная школа,3.2,девочка,0.5,30,112,1,0,2665
Соболев; Илья,0,Павелецкая,бар,4.9,мальчик,0.3,30,113,0,0,324669
Ермакова; Василиса,0,Павелецкая,бар,4.4,девочка,0.4,30,114,1,0,4136
Колесникова; Ульяна,0,Павелецкая,начальная школа,3.8,девочка,0.5,30,115,0,0,2627
Гончаров; Иван,0,Павелецкая,бар,4.7,мальчик,0.3,30,116,0,0,STON/O 2. 3101294
Емельянов; Арсений,0,Павелецкая,подворотня,15.9,мальчик,0.3,30,117,0,0,370369
Киселев; Савелий,0,Павелецкая,бар,6.5,мальчик,0.8,20,118,1,0,11668
Никифоров; Григорий,0,Ботанический сад,начальная школа,5.3,мальчик,9.2,10,119,0,1,PC 17558
Лебедева; Надежда,0,Павелецкая,бар,0.4,девочка,1.2,30,120,4,2,347082
Грачев; Владимир,0,Павелецкая,бар,4.7,мальчик,2.7,20,121,2,0,S.O.C. 14879
Котов; Иван,0,Павелецкая,бар,,мальчик,0.3,30,122,0,0,A4. 54510
Федоров; Платон,0,Павелецкая,начальная школа,7.3,мальчик,1.1,20,123,1,0,237736
Гришина; Марина,1,Братиславская,бар,7.3,девочка,0.5,20,124,0,0,27267
Голубев; Павел,0,Борисово,бар,12.1,мальчик,2.9,10,125,0,1,35281
Королев; Ярослав,1,Павелецкая,начальная школа,2.6,мальчик,0.4,30,126,1,0,2651
Ефремов; Валерий,0,Павелецкая,подворотня,,мальчик,0.3,30,127,0,0,370372
Архипов; Арсений,1,Павелецкая,бар,5.3,мальчик,0.3,30,128,0,0,C 17369
Громова; Вероника,1,Бульвар Дмитрия Донского,начальная школа,,девочка,0.8,30,129,1,1,2668
Кириллов; Ярослав,0,Павелецкая,бар,10.1,мальчик,0.3,30,130,0,0,347061
Малышев; Антон,0,Павелецкая,начальная школа,7.4,мальчик,0.3,30,131,0,0,349241
Панов; Савелий,0,Павелецкая,бар,4.4,мальчик,0.3,30,132,0,0,SOTON/O.Q. 3101307
Моисеева; Оксана,0,Павелецкая,бар,10.5,девочка,0.5,30,133,1,0,A/5. 3337
Румянцева; Майя,1,Павелецкая,бар,6.5,девочка,1.0,20,134,1,0,228414
Акимов; Ян,0,Павелецкая,бар,5.6,мальчик,0.5,20,135,0,0,C.A. 29178
Кондратьев; Марк,0,Павелецкая,начальная школа,5.1,мальчик,0.6,20,136,0,0,SC/PARIS 2133
Бирюкова; Есения,1,Бульвар Рокоссовского,бар,4.2,девочка,1.0,10,137,0,2,11752
Попов; Константин,0,Александровский сад,бар,8.3,мальчик,2.0,10,138,1,0,113803
Горбунов; Кирилл,0,Павелецкая,бар,3.5,мальчик,0.3,30,139,0,0,7534
Анисимов; Рустам,0,Бульвар адмирала Ушакова,начальная школа,5.3,мальчик,2.9,10,140,0,0,PC 17593
Еремина; Наталия,0,Павелецкая,начальная школа,,девочка,0.6,30,141,0,2,2678
Тихомирова; Виктория,1,Павелецкая,бар,4.9,девочка,0.3,30,142,0,0,347081
Галкина; Надежда,1,Павелецкая,бар,5.3,девочка,0.6,30,143,1,0,STON/O2. 3101279
Лукьянов; Михаил,0,Павелецкая,подворотня,4.2,мальчик,0.3,30,144,0,0,365222
Михеев; Максим,0,Павелецкая,бар,4.0,мальчик,0.4,20,145,0,0,231945
Скворцов; Герман,0,Павелецкая,бар,4.2,мальчик,1.4,20,146,1,1,C.A. 33112
Лебедев; Павел,1,Павелецкая,бар,6.0,мальчик,0.3,30,147,0,0,350043
Федотова; Дарья,0,Павелецкая,бар,1.9,девочка,1.3,30,148,2,2,W./C. 6608
Юдин; Виктор,0,Бунинская Аллея,бар,8.2,мальчик,1.0,20,149,0,2,230080
Белоусов; Ярослав,0,Павелецкая,бар,9.4,мальчик,0.5,20,150,0,0,244310
Нестеров; Игорь,0,Павелецкая,бар,11.4,мальчик,0.5,20,151,0,0,S.O.P. 1166
Симонова; Дарья,1,ВДНХ,бар,4.9,девочка,2.5,10,152,1,0,113776
Прокофьев; Марат,0,Павелецкая,бар,12.5,мальчик,0.3,30,153,0,0,A.5. 11206
Харитонов; Михаил,0,Павелецкая,бар,9.1,мальчик,0.5,30,154,0,2,A/5. 851
Князев; Матвей,0,Павелецкая,бар,,мальчик,0.3,30,155,0,0,Fa 265302
Козлов; Виктор,0,Павелецкая,начальная школа,11.4,мальчик,2.3,10,156,0,1,PC 17597
Цветкова; Варвара,1,Павелецкая,подворотня,3.5,девочка,0.3,30,157,0,0,35851
Левин; Макар,0,Павелецкая,бар,6.7,мальчик,0.3,30,158,0,0,SOTON/OQ 392090
Митрофанов; Федор,0,Павелецкая,бар,,мальчик,0.3,30,159,0,0,315037
Воронов; Олег,0,Павелецкая,бар,,мальчик,2.6,30,160,8,2,CA. 2343
Аксенов; Егор,0,Павелецкая,бар,9.9,мальчик,0.6,30,161,0,1,371362
Софронова; Александра,1,Павелецкая,бар,9.0,девочка,0.6,20,162,0,0,C.A. 33595
Мальцев; Виталий,0,Павелецкая,бар,5.8,мальчик,0.3,30,163,0,0,347068
Логинов; Давид,0,Павелецкая,бар,3.8,мальчик,0.3,30,164,0,0,315093
Антонов; Леонид,0,Павелецкая,бар,0.1,мальчик,1.5,30,165,4,1,3101295
Горшков; Андрей,1,Павелецкая,бар,1.9,мальчик,0.8,30,166,0,2,363291
Савина; Наталья,1,Варшавская,бар,,девочка,2.0,10,167,0,1,113505
Титова; Таисия,0,Павелецкая,бар,10.1,девочка,1.0,30,168,1,4,347088
Краснов; Юрий,0,Павелецкая,бар,,мальчик,1.0,10,169,0,0,PC 17318
Майоров; Дмитрий,0,Павелецкая,бар,6.2,мальчик,2.1,30,170,0,0,1601
Демидов; Платон,0,Владыкино,бар,13.7,мальчик,1.2,10,171,0,0,111240
Павлов; Артемий,0,Павелецкая,подворотня,0.8,мальчик,1.1,30,172,4,1,382652
Новикова; Анастасия,1,Павелецкая,бар,0.1,девочка,0.4,30,173,1,1,347742
Елисеев; Григорий,0,Павелецкая,бар,4.7,мальчик,0.3,30,174,0,0,STON/O 2. 3101280
Рыбаков; Эдуард,0,Волгоградский проспект,начальная школа,12.6,мальчик,1.1,10,175,0,0,17764
Сафонов; Мирон,0,Павелецкая,бар,4.0,мальчик,0.3,30,176,1,1,350404
Плотников; Юрий,0,Павелецкая,бар,,мальчик,0.9,30,177,3,1,4133
Демина; Эвелина,0,Волжская,начальная школа,11.2,девочка,1.1,10,178,0,0,PC 17595
Фадеев; Илья,0,Павелецкая,бар,6.7,мальчик,0.5,20,179,0,0,250653
Молчанов; Айдар,0,Павелецкая,бар,8.0,мальчик,0.0,30,180,0,0,LINE
Воронова; Амалия,0,Павелецкая,бар,,девочка,2.6,30,181,8,2,CA. 2343
Игнатов; Савелий,0,Павелецкая,начальная школа,,мальчик,0.6,20,182,0,0,SC/PARIS 2131
Захаров; Богдан,0,Павелецкая,бар,1.9,мальчик,1.2,30,183,4,2,347077
Литвинов; Эдуард,1,Волоколамская,бар,0.1,мальчик,1.4,20,184,2,1,230136
Ершова; Диана,1,Павелецкая,бар,0.8,девочка,0.8,30,185,0,2,315153
Ушаков; Денис,0,Воробьевы горы,бар,,мальчик,1.9,10,186,0,0,113767
Дементьева; Есения,1,Павелецкая,подворотня,,девочка,0.6,30,187,1,0,370365
Рябов; Арсений,1,Павелецкая,бар,10.1,мальчик,1.0,10,188,0,0,111428
Мухин; Григорий,0,Павелецкая,подворотня,9.0,мальчик,0.6,30,189,1,1,364849
Калашников; Леонид,0,Павелецкая,бар,8.0,мальчик,0.3,30,190,0,0,349247
Леонтьева; Ангелина,1,Павелецкая,бар,7.1,девочка,0.5,20,191,0,0,234604
Лобанов; Андрей,0,Павелецкая,бар,4.2,мальчик,0.5,20,192,0,0,28424
Кузина; Кристина,1,Павелецкая,бар,4.2,девочка,0.3,30,193,1,0,350046
Юдин; Артём,1,Бунинская Аллея,бар,0.6,мальчик,1.0,20,194,1,1,230080
Корнеева; Кира,1,Водный стадион,начальная школа,9.9,девочка,1.0,10,195,0,0,PC 17610
Евдокимова; Софья,1,Войковская,начальная школа,13.0,девочка,5.4,10,196,0,0,PC 17569
Бородин; Назар,0,Павелецкая,подворотня,,мальчик,0.3,30,197,0,0,368703
Князев; Арсений,0,Павелецкая,бар,9.4,мальчик,0.3,30,198,0,1,4579
Платонова; Антонина,1,Павелецкая,подворотня,,девочка,0.3,30,199,0,0,370370
Некрасова; Алина,0,Павелецкая,бар,5.3,девочка,0.5,20,200,0,0,248747
Балашов; Максим,0,Павелецкая,бар,6.2,мальчик,0.4,30,201,0,0,345770
Воронов; Артём,0,Павелецкая,бар,,мальчик,2.6,30,202,8,2,CA. 2343
Бобров; Семен,0,Павелецкая,бар,7.6,мальчик,0.2,30,203,0,0,3101264
Жданов; Денис,0,Павелецкая,начальная школа,10.2,мальчик,0.3,30,204,0,0,2628
Блинов; Роберт,1,Павелецкая,бар,4.0,мальчик,0.3,30,205,0,0,A/5 3540
Игнатьева; Анна,0,Алтуфьево,бар,0.4,девочка,0.4,30,206,0,1,347054
Ефимов; Никита,0,Павелецкая,бар,7.1,мальчик,0.6,30,207,1,0,3101278
Коротков; Максим,1,Павелецкая,начальная школа,5.8,мальчик,0.7,30,208,0,0,2699
Муравьева; Элина,1,Павелецкая,подворотня,3.5,девочка,0.3,30,209,0,0,367231
Крюков; Артём,1,Выставочная,начальная школа,9.0,мальчик,1.1,10,210,0,0,112277
Беляков; Матвей,0,Павелецкая,бар,5.3,мальчик,0.3,30,211,0,0,SOTON/O.Q. 3101311
Богомолова; Алла,1,Павелецкая,бар,7.8,девочка,0.8,20,212,0,0,F.C.C. 13528
Дроздов; Михаил,0,Павелецкая,бар,4.9,мальчик,0.3,30,213,0,0,A/5 21174
Лавров; Мирон,0,Павелецкая,бар,6.7,мальчик,0.5,20,214,0,0,250646
Зуев; Михаил,0,Павелецкая,подворотня,,мальчик,0.3,30,215,1,0,367229
Петухова; Лариса,1,ВыхиноДеловой центр,начальная школа,6.9,девочка,4.2,10,216,1,0,35273
Ларина; Елена,1,Павелецкая,бар,6.0,девочка,0.3,30,217,0,0,STON/O2. 3101283
Никулин; Вячеслав,0,Павелецкая,бар,9.4,мальчик,1.0,20,218,1,0,243847
Серова; Альбина,1,Дмитровская,начальная школа,7.1,девочка,2.8,10,219,0,0,11813
Матвеев; Николай,0,Павелецкая,бар,6.7,мальчик,0.4,20,220,0,0,W/C 14208
Терентьев; Никита,1,Павелецкая,бар,3.5,мальчик,0.3,30,221,0,0,SOTON/OQ 392089
Зотов; Артём,0,Павелецкая,бар,6.0,мальчик,0.5,20,222,0,0,220367
Устинов; Глеб,0,Павелецкая,бар,11.4,мальчик,0.3,30,223,0,0,21440
Фокин; Кирилл,0,Павелецкая,бар,,мальчик,0.3,30,224,0,0,349234
Самойлов; Дамир,1,Добрынинская,бар,8.5,мальчик,3.3,10,225,1,0,19943
Константинов; Дмитрий,0,Павелецкая,бар,4.9,мальчик,0.3,30,226,0,0,PP 4348
Сахаров; Валерий,1,Павелецкая,бар,4.2,мальчик,0.4,20,227,0,0,SW/PP 751
Шишкин; Михаил,0,Павелецкая,бар,4.5,мальчик,0.3,30,228,0,0,A/5 21173
Самсонов; Борис,0,Павелецкая,бар,4.0,мальчик,0.5,20,229,0,0,236171
Плотникова; Мария,0,Павелецкая,бар,,девочка,0.9,30,230,3,1,4133
Матвеева; Виолетта,1,Беговая,бар,7.8,девочка,3.1,10,231,1,0,36973
Черкасов; Григорий,0,Павелецкая,бар,6.5,мальчик,0.3,30,232,0,0,347067
Чистяков; Семен,0,Павелецкая,бар,13.3,мальчик,0.5,20,233,0,0,237442
Захарова; Диана,1,Павелецкая,бар,1.0,девочка,1.2,30,234,4,2,347077
Носов; Артём,0,Павелецкая,бар,5.3,мальчик,0.4,20,235,0,0,C.A. 29566
Спиридонова; Людмила,0,Павелецкая,бар,,девочка,0.3,30,236,0,0,W./C. 6609
Карасев; Дамир,0,Павелецкая,бар,9.9,мальчик,1.0,20,237,1,0,26707
Авдеева; Василиса,1,Павелецкая,бар,1.7,девочка,1.0,20,238,0,2,C.A. 31921
Воронцов; Елисей,0,Павелецкая,бар,4.2,мальчик,0.4,20,239,0,0,28665
Зверев; Степан,0,Павелецкая,бар,7.4,мальчик,0.5,20,240,0,0,SCO/W 1585
Леонова; Евгения,0,Павелецкая,начальная школа,,девочка,0.5,30,241,1,0,2665
Владимирова; Ангелина,1,Павелецкая,подворотня,,девочка,0.6,30,242,1,0,367230
Селезнев; Александр,0,Павелецкая,бар,6.5,мальчик,0.4,20,243,0,0,W./C. 14263
Нечаев; Савелий,0,Павелецкая,бар,4.9,мальчик,0.3,30,244,0,0,STON/O 2. 3101275
Колесников; Егор,0,Павелецкая,начальная школа,6.7,мальчик,0.3,30,245,0,0,2694
Кудряшов; Михаил,0,Достоевская,подворотня,9.9,мальчик,3.3,10,246,2,0,19928
Седова; Злата,0,Павелецкая,бар,5.6,девочка,0.3,30,247,0,0,347071
Фирсова; Вероника,1,Павелецкая,бар,5.3,девочка,0.5,20,248,0,2,250649
Андрианов; Савелий,1,Дубровка,бар,8.3,мальчик,1.9,10,249,1,1,11751
Панин; Савва,0,Павелецкая,бар,12.1,мальчик,1.0,20,250,1,0,244252
Головин; Герман,0,Павелецкая,бар,,мальчик,0.3,30,251,0,0,362316
Игнатьева; Полина,0,Алтуфьево,бар,6.5,девочка,0.4,30,252,1,1,347054
Терехов; Марат,0,Динамо,бар,13.9,мальчик,1.0,10,253,0,0,113514
Ульянов; Анатолий,0,Павелецкая,бар,6.7,мальчик,0.6,30,254,1,0,A/5. 3336
Шестакова; Алла,0,Павелецкая,бар,9.2,девочка,0.7,30,255,0,2,370129
Агеева; Ксения,1,Павелецкая,начальная школа,6.5,девочка,0.6,30,256,0,2,2650
Никонова; Ева,1,Павелецкая,начальная школа,,девочка,2.9,10,257,0,0,PC 17585
Селиванова; Милана,1,Домодедовская,бар,6.7,девочка,3.2,10,258,0,0,110152
Баженова; Мирослава,1,Павелецкая,начальная школа,7.8,девочка,19.0,10,259,0,0,PC 17755
Гордеева; Милена,1,Павелецкая,бар,11.2,девочка,1.0,20,260,0,1,230433
Рыбаков; Эмиль,0,Павелецкая,подворотня,,мальчик,0.3,30,261,0,0,384461
Захаров; Дамир,1,Павелецкая,бар,0.6,мальчик,1.2,30,262,4,2,347077
Кожевников; Данил,0,Жулебино,бар,11.7,мальчик,3.0,10,263,1,1,110413
Пахомов; Степан,0,Зябликово,бар,9.0,мальчик,0.0,10,264,0,0,112059
Зимина; Юлия,0,Павелецкая,подворотня,,девочка,0.3,30,265,0,0,382649
Костин; Айдар,0,Павелецкая,бар,8.0,мальчик,0.4,20,266,0,0,C.A. 17248
Антонов; Владимир,0,Павелецкая,бар,3.5,мальчик,1.5,30,267,4,1,3101295
Широков; Амир,1,Павелецкая,бар,5.6,мальчик,0.3,30,268,1,0,347083
Филимонова; Маргарита,1,Измайловская,бар,13.0,девочка,5.7,10,269,0,1,PC 17582
Ларионова; Нелли,1,Калужская,бар,7.8,девочка,5.0,10,270,0,0,PC 17760
Овсянников; Мирон,0,Павелецкая,бар,,мальчик,1.1,10,271,0,0,113798
Сазонов; Денис,1,Павелецкая,бар,5.6,мальчик,0.0,30,272,0,0,LINE
Суворова; Альбина,1,Павелецкая,бар,9.2,девочка,0.7,20,273,0,1,250644
Нефедов; Эмиль,0,Кантемировская,начальная школа,8.3,мальчик,1.1,10,274,0,1,PC 17596
Корнилова; Анна,1,Павелецкая,подворотня,,девочка,0.3,30,275,0,0,370375
Любимова; Виктория,1,Каховская,бар,14.2,девочка,2.9,10,276,1,0,13502
Львова; Алина,0,Павелецкая,бар,10.1,девочка,0.3,30,277,0,0,347073
Горбачев; Филипп,0,Павелецкая,бар,,мальчик,0.0,20,278,0,0,239853
Павлов; Николай,0,Павелецкая,подворотня,1.5,мальчик,1.1,30,279,4,1,382652
Копылова; Анастасия,1,Павелецкая,бар,7.8,девочка,0.8,30,280,1,1,C.A. 2673
Лукин; Иван,0,Павелецкая,подворотня,14.6,мальчик,0.3,30,281,0,0,336439
Токарев; Константин,0,Павелецкая,бар,6.2,мальчик,0.3,30,282,0,0,347464
Кулешов; Павел,0,Павелецкая,бар,3.5,мальчик,0.4,30,283,0,0,345778
Шилов; Савелий,1,Павелецкая,бар,4.2,мальчик,0.3,30,284,0,0,A/5. 10482
Рыбаков; Макар,0,Каширская,бар,,мальчик,1.0,10,285,0,0,113056
Большаков; Олег,0,Павелецкая,начальная школа,7.4,мальчик,0.3,30,286,0,0,349239
Панкратов; Руслан,1,Павелецкая,бар,6.7,мальчик,0.4,30,287,0,0,345774
Родин; Мирон,0,Павелецкая,бар,4.9,мальчик,0.3,30,288,0,0,349206
Шаповалов; Никита,1,Павелецкая,бар,9.4,мальчик,0.5,20,289,0,0,237798
Покровская; Валерия,1,Павелецкая,подворотня,4.9,девочка,0.3,30,290,0,0,370373
Бочарова; Лилия,1,Павелецкая,бар,5.8,девочка,2.9,10,291,0,0,19877
Никольская; Таисия,1,Киевская,начальная школа,4.2,девочка,3.4,10,292,1,0,11967
Маркин; Александр,0,Киевская,начальная школа,8.0,мальчик,0.5,20,293,0,0,SC/Paris 2163
Горелова; Татьяна,0,Павелецкая,бар,5.3,девочка,0.3,30,294,0,0,349236
Агафонов; Василий,0,Павелецкая,бар,5.3,мальчик,0.3,30,295,0,0,349233
Березин; Данил,0,Павелецкая,начальная школа,,мальчик,1.0,10,296,0,0,PC 17612
Ермолаев; Руслан,0,Павелецкая,начальная школа,5.2,мальчик,0.3,30,297,0,0,2693
Зубкова; Кристина,0,Китай-город,бар,0.4,девочка,5.6,10,298,1,2,113781
Куприянов; Андрей,1,Кожуховская,бар,,мальчик,1.1,10,299,0,0,19988
Никифорова; Тамара,1,Ботанический сад,начальная школа,11.2,девочка,9.2,10,300,0,1,PC 17558
Трифонова; Маргарита,1,Павелецкая,подворотня,,девочка,0.3,30,301,0,0,9234
Масленников; Станислав,1,Павелецкая,подворотня,,мальчик,0.9,30,302,2,0,367226
Новиков; Глеб,0,Павелецкая,бар,4.2,мальчик,0.0,30,303,0,0,LINE
Круглова; Мирослава,1,Братиславская,подворотня,,девочка,0.5,20,304,0,0,226593
Козлов; Платон,0,Павелецкая,бар,,мальчик,0.3,30,305,0,0,A/5 2466
Зубков; Никита,1,Китай-город,бар,0.1,мальчик,5.6,10,306,1,2,113781
Третьякова; Александра,1,Павелецкая,начальная школа,,девочка,4.1,10,307,0,0,17421
Колосова; Дарья,1,Комсомольская,начальная школа,3.8,девочка,4.0,10,308,1,0,PC 17758
Рожков; Илья,0,Павелецкая,начальная школа,6.7,мальчик,0.9,20,309,1,0,P/PP 3381
Артамонова; Полина,1,Коньково,начальная школа,6.7,девочка,2.1,10,310,0,0,PC 17485
Шмелева; Влада,1,Котельники,начальная школа,5.3,девочка,3.1,10,311,0,0,11767
Лаптева; Александра,1,Коломенская,начальная школа,4.0,девочка,9.7,10,312,2,2,PC 17608
Лапшина; Кристина,0,Павелецкая,бар,5.8,девочка,1.0,20,313,1,1,250651
Федосеев; Мирослав,0,Павелецкая,бар,6.2,мальчик,0.3,30,314,0,0,349243
Зиновьев; Родион,0,Павелецкая,бар,9.6,мальчик,1.0,20,315,1,1,F.C.C. 13529
Зорина; Виктория,1,Павелецкая,бар,5.8,девочка,0.3,30,316,0,0,347470
Климова; Арина,1,Павелецкая,бар,5.3,девочка,1.0,20,317,1,0,244367
Уткин; Дмитрий,0,Павелецкая,бар,12.1,мальчик,0.5,20,318,0,0,29011
Столярова; Евгения,1,Краснопресненская,бар,6.9,девочка,6.1,10,319,0,2,36928
Зубова; Мария,1,Красносельская,начальная школа,9.0,девочка,5.0,10,320,1,1,16966
Ткачев; Артём,0,Павелецкая,бар,4.9,мальчик,0.3,30,321,0,0,A/5 21172
Дорофеев; Алексей,0,Павелецкая,бар,6.0,мальчик,0.3,30,322,0,0,349219
Антипова; Мадина,1,Павелецкая,подворотня,6.7,девочка,0.5,20,323,0,0,234818
Данилова; Ксения,1,Павелецкая,бар,4.9,девочка,1.1,20,324,1,1,248738
Воронов; Данил,0,Павелецкая,бар,,мальчик,2.6,30,325,8,2,CA. 2343
Завьялова; Елена,1,Красные ворота,начальная школа,8.0,девочка,5.0,10,326,0,0,PC 17760
Свиридов; Семен,0,Павелецкая,бар,13.7,мальчик,0.2,30,327,0,0,345364
Золотарева; Юлия,1,Киевская,бар,8.0,девочка,0.5,20,328,0,0,28551
Горшкова; Злата,1,Павелецкая,бар,6.9,девочка,0.8,30,329,1,1,363291
Кулакова; Милана,1,Крестьянская застава,начальная школа,3.5,девочка,2.2,10,330,0,1,111361
Масленникова; Милена,1,Павелецкая,подворотня,,девочка,0.9,30,331,2,0,367226
Мещеряков; Марсель,0,Кропоткинская,бар,10.2,мальчик,1.1,10,332,0,0,113043
Филимонов; Глеб,0,Красногвардейская,бар,8.5,мальчик,5.7,10,333,0,1,PC 17582
Степанов; Владимир,0,Павелецкая,бар,3.5,мальчик,0.7,30,334,2,0,345764
Макеева; Татьяна,1,Павелецкая,бар,,девочка,5.0,10,335,1,0,PC 17611
Дьяконов; Максим,0,Павелецкая,бар,,мальчик,0.3,30,336,0,0,349225
Симонов; Ярослав,0,ВДНХ,бар,6.5,мальчик,2.5,10,337,1,0,113776
Гуляева; Дарина,1,Крылатское,начальная школа,9.2,девочка,5.0,10,338,0,0,16966
Петровский; Данил,1,Павелецкая,бар,10.1,мальчик,0.3,30,339,0,0,7598
Бондарев; Артемий,0,Кузнецкий мост,бар,10.1,мальчик,1.3,10,340,0,0,113784
Юдин; Артур,1,Бунинская Аллея,бар,0.4,мальчик,1.0,20,341,1,1,230080
Соловьева; Марина,1,Алма-Атинская,бар,5.3,девочка,9.8,10,342,3,2,19950
Поздняков; Макар,0,Павелецкая,бар,6.2,мальчик,0.5,20,343,0,0,248740
Панфилов; Роман,0,Павелецкая,бар,5.6,мальчик,0.5,20,344,0,0,244361
Кочетков; Дамир,0,Павелецкая,бар,8.0,мальчик,0.5,20,345,0,0,229236
Корнеева; Алиса,1,Белорусская,бар,5.3,девочка,0.5,20,346,0,0,248733
Рыбакова; Ева,1,Павелецкая,бар,9.0,девочка,0.5,20,347,0,0,31418
Суханова; Елизавета,1,Павелецкая,бар,,девочка,0.6,30,348,1,0,386525
Рыжов; Андрей,1,Павелецкая,бар,0.6,мальчик,0.6,30,349,1,1,C.A. 37671
Старостин; Григорий,0,Павелецкая,бар,9.4,мальчик,0.3,30,350,0,0,315088
Калмыков; Влад,0,Павелецкая,бар,5.1,мальчик,0.3,30,351,0,0,7267
Колесов; Николай,0,Кузьминки,бар,,мальчик,1.3,10,352,0,0,113510
Золотов; Тимур,0,Павелецкая,начальная школа,3.3,мальчик,0.3,30,353,1,1,2695
Медведев; Степан,0,Павелецкая,бар,5.6,мальчик,0.7,30,354,1,0,349237
Кравцов; Александр,0,Павелецкая,начальная школа,,мальчик,0.3,30,355,0,0,2647
Субботин; Андрей,0,Павелецкая,бар,6.2,мальчик,0.4,30,356,0,0,345783
Шубина; Вероника,1,Варшавская,бар,4.9,девочка,2.0,10,357,0,1,113505
Щукина; Наталья,0,Павелецкая,бар,8.5,девочка,0.5,20,358,0,0,237671
Лосева; Ангелина,1,Павелецкая,подворотня,,девочка,0.3,30,359,0,0,330931
Винокурова; Инна,1,Павелецкая,подворотня,,девочка,0.3,30,360,0,0,330980
Титов; Макар,0,Павелецкая,бар,9.0,мальчик,1.0,30,361,1,4,347088
Лапин; Глеб,0,Павелецкая,начальная школа,6.5,мальчик,1.0,20,362,1,0,SC/PARIS 2167
Парфенова; Софья,0,Павелецкая,начальная школа,10.1,девочка,0.5,30,363,0,1,2691
Исаков; Сергей,0,Павелецкая,бар,7.8,мальчик,0.3,30,364,0,0,SOTON/O.Q. 3101310
Дементьев; Георгий,0,Павелецкая,подворотня,,мальчик,0.6,30,365,1,0,370365
Голованов; Иван,0,Павелецкая,бар,6.7,мальчик,0.3,30,366,0,0,C 7076
Коровина; Ирина,1,Кунцевская,начальная школа,13.5,девочка,2.8,10,367,1,0,110813
Розанова; Любовь,1,Павелецкая,начальная школа,,девочка,0.3,30,368,0,0,2626
Артемова; Ксения,1,Павелецкая,подворотня,,девочка,0.3,30,369,0,0,14313
Козырева; Лариса,1,Курская,начальная школа,5.3,девочка,2.6,10,370,0,0,PC 17477
Русаков; Сергей,1,Кутузовская,начальная школа,5.6,мальчик,2.1,10,371,1,0,11765
Алешин; Игорь,0,Павелецкая,бар,4.0,мальчик,0.2,30,372,1,0,3101267
Крючков; Николай,0,Павелецкая,бар,4.2,мальчик,0.3,30,373,0,0,323951
Булгаков; Святогор,0,Павелецкая,начальная школа,4.9,мальчик,5.0,10,374,0,0,PC 17760
Михайлова; Злата,0,Павелецкая,бар,0.6,девочка,0.8,30,375,3,1,349909
Кузьмина; Елена,1,Павелецкая,начальная школа,,девочка,3.0,10,376,1,0,PC 17604
Кошелева; Елена,1,Павелецкая,бар,4.9,девочка,0.3,30,377,0,0,C 7077
Сычев; Демид,0,Ленинский проспект,начальная школа,6.0,мальчик,7.8,10,378,0,2,113503
Синицын; Александр,0,Павелецкая,начальная школа,4.4,мальчик,0.1,30,379,0,0,2648
Прохоров; Станислав,0,Павелецкая,бар,4.2,мальчик,0.3,30,380,0,0,347069
Черных; Варвара,1,Павелецкая,начальная школа,9.4,девочка,8.4,10,381,0,0,PC 17757
Рогова; Алина,1,Павелецкая,начальная школа,0.1,девочка,0.6,30,382,0,2,2653
Кононов; Вадим,0,Павелецкая,бар,7.1,мальчик,0.3,30,383,0,0,STON/O 2. 3101293
Фролова; Дарья,1,Павелецкая,бар,7.8,девочка,1.9,10,384,1,0,113789
Лаврентьев; Александр,0,Павелецкая,бар,,мальчик,0.3,30,385,0,0,349227
Евсеев; Виктор,0,Павелецкая,бар,4.0,мальчик,2.7,20,386,0,0,S.O.C. 14879
Богданов; Данил,0,Павелецкая,бар,0.1,мальчик,1.7,30,387,5,2,CA 2144
Пименова; Любовь,1,Павелецкая,бар,8.0,девочка,0.5,20,388,0,0,27849
Пантелеев; Денис,0,Павелецкая,подворотня,,мальчик,0.3,30,389,0,0,367655
Горячева; София,1,Павелецкая,начальная школа,3.8,девочка,0.4,20,390,0,0,SC 1748
Панин; Богдан,1,Лермонтовский проспект,бар,8.0,мальчик,4.5,10,391,1,2,113760
Аникин; Денис,1,Павелецкая,бар,4.7,мальчик,0.3,30,392,0,0,350034
Прохоров; Савелий,0,Павелецкая,бар,6.2,мальчик,0.3,30,393,2,0,3101277
Петухова; Ксения,1,ВыхиноДеловой центр,начальная школа,5.1,девочка,4.2,10,394,1,0,35273
Морозова; Татьяна,1,Алтуфьево,бар,5.3,девочка,0.6,30,395,0,2,PP 9549
Кудрявцев; Максим,0,Павелецкая,бар,4.9,мальчик,0.3,30,396,0,0,350052
Токарева; Александра,0,Павелецкая,бар,6.9,девочка,0.3,30,397,0,0,350407
Лопатин; Егор,0,Павелецкая,бар,10.3,мальчик,1.0,20,398,0,0,28403
Рудаков; Святослав,0,Павелецкая,бар,5.1,мальчик,0.4,20,399,0,0,244278
Одинцова; Людмила,1,Павелецкая,бар,6.2,девочка,0.5,20,400,0,0,240929
Серебряков; Григорий,1,Павелецкая,бар,8.7,мальчик,0.3,30,401,0,0,STON/O 2. 3101289
Панков; Константин,0,Павелецкая,бар,5.8,мальчик,0.3,30,402,0,0,341826
Ермакова; Таисия,0,Павелецкая,бар,4.7,девочка,0.4,30,403,1,0,4137
Галкин; Мирон,0,Павелецкая,бар,6.2,мальчик,0.6,30,404,1,0,STON/O2. 3101279
Дегтярева; Вера,0,Павелецкая,бар,4.4,девочка,0.3,30,405,0,0,315096
Орехов; Святослав,0,Павелецкая,бар,7.6,мальчик,0.8,20,406,1,0,28664
Царев; Марк,0,Павелецкая,бар,11.4,мальчик,0.3,30,407,0,0,347064
Шувалов; Егор,1,Павелецкая,бар,0.6,мальчик,0.7,20,408,1,1,29106
Кондрашов; Данил,0,Павелецкая,бар,4.7,мальчик,0.3,30,409,0,0,312992
Плотникова; Ксения,0,Павелецкая,бар,,девочка,0.9,30,410,3,1,4133
Горюнов; Алексей,0,Павелецкая,бар,,мальчик,0.3,30,411,0,0,349222
Зиновьев; Демид,0,Павелецкая,подворотня,,мальчик,0.3,30,412,0,0,394140
Кудряшова; София,1,Достоевская,подворотня,7.4,девочка,3.3,10,413,1,0,19928
Дубровин; Амир,0,Павелецкая,бар,,мальчик,0.0,20,414,0,0,239853
Голиков; Тимофей,1,Павелецкая,бар,9.9,мальчик,0.3,30,415,0,0,STON/O 2. 3101269
Курочкина; Аделина,0,Павелецкая,бар,,девочка,0.3,30,416,0,0,343095
Латышева; Мирослава,1,Павелецкая,бар,7.6,девочка,1.2,20,417,1,1,28220
Севастьянова; Галина,1,Павелецкая,бар,4.0,девочка,0.5,20,418,0,2,250652
Вавилов; Георгий,0,Павелецкая,бар,6.7,мальчик,0.5,20,419,0,0,28228
Ерофеева; Анжелика,0,Павелецкая,бар,2.2,девочка,0.9,30,420,0,2,345773
Сальников; Макар,0,Павелецкая,начальная школа,,мальчик,0.3,30,421,0,0,349254
Клюев; Ярослав,0,Павелецкая,подворотня,4.7,мальчик,0.3,30,422,0,0,A/5. 13032
Носков; Всеволод,0,Павелецкая,бар,6.5,мальчик,0.3,30,423,0,0,315082
Озерова; Юлия,0,Павелецкая,бар,6.2,девочка,0.5,30,424,1,1,347080
Шестаков; Борис,0,Павелецкая,бар,4.0,мальчик,0.7,30,425,1,1,370129
Кольцов; Виктор,0,Павелецкая,бар,,мальчик,0.3,30,426,0,0,A/4. 34244
Комиссарова; Ольга,1,Павелецкая,бар,6.2,девочка,1.0,20,427,1,0,2003
Меркулова; Майя,1,Павелецкая,бар,4.2,девочка,1.0,20,428,0,0,250655
Киреев; Илья,0,Павелецкая,подворотня,,мальчик,0.3,30,429,0,0,364851
Хомяков; Демид,1,Лесопарковая,бар,7.1,мальчик,0.3,30,430,0,0,SOTON/O.Q. 392078
Булатов; Филипп,1,Баррикадная,бар,6.2,мальчик,1.0,10,431,0,0,110564
Ананьева; Эвелина,1,Павелецкая,бар,,девочка,0.6,30,432,1,0,376564
Бурова; Диана,1,Павелецкая,бар,9.4,девочка,1.0,20,433,1,0,SC/AH 3085
Шапошников; Дмитрий,0,Павелецкая,бар,3.8,мальчик,0.3,30,434,0,0,STON/O 2. 3101274
Дружинин; Артём,0,Лубянка,бар,11.2,мальчик,2.1,10,435,1,0,13507
Панина; Ирина,1,Лермонтовский проспект,бар,3.1,девочка,4.5,10,436,1,2,113760
Федотова; Ульяна,0,Павелецкая,бар,4.7,девочка,1.3,30,437,2,2,W./C. 6608
Шувалова; Камилла,1,Павелецкая,бар,5.3,девочка,0.7,20,438,2,3,29106
Соловьев; Максим,0,Алма-Атинская,бар,14.4,мальчик,9.8,10,439,1,4,19950
Островский; Давид,0,Павелецкая,бар,6.9,мальчик,0.4,20,440,0,0,C.A. 18723
Зиновьева; Надежда,1,Павелецкая,бар,10.1,девочка,1.0,20,441,1,1,F.C.C. 13529
Шевелев; Степан,0,Павелецкая,бар,4.4,мальчик,0.4,30,442,0,0,345769
Долгов; Юрий,0,Павелецкая,бар,5.6,мальчик,0.3,30,443,1,0,347076
Суслова; Наталья,1,Павелецкая,бар,6.2,девочка,0.5,20,444,0,0,230434
Шевцов; Марат,1,Павелецкая,бар,,мальчик,0.3,30,445,0,0,65306
Пастухов; Марат,1,Люблино,бар,0.8,мальчик,3.0,10,446,0,2,33638
Суворова; Марина,1,Павелецкая,бар,2.8,девочка,0.7,20,447,0,1,250644
Рубцов; Богдан,1,Павелецкая,бар,7.6,мальчик,1.0,10,448,0,0,113794
Бычкова; Екатерина,1,Павелецкая,начальная школа,1.0,девочка,0.7,30,449,2,1,2666
Глебов; Данил,1,Марксистская,бар,11.7,мальчик,1.1,10,450,0,0,113786
Герасимов; Захар,0,Павелецкая,бар,8.0,мальчик,1.0,20,451,1,2,C.A. 34651
Ильинский; Олег,0,Павелецкая,бар,,мальчик,0.7,30,452,1,0,65303
Успенский; Лев,0,Марьина роща,начальная школа,6.7,мальчик,1.0,10,453,0,0,113051
Дьяков; Владислав,1,Марьино,начальная школа,11.0,мальчик,3.3,10,454,1,0,17453
Кочетов; Николай,0,Павелецкая,бар,,мальчик,0.3,30,455,0,0,A/5 2817
Вишневский; Платон,1,Павелецкая,начальная школа,6.5,мальчик,0.3,30,456,0,0,349240
Высоцкий; Юрий,0,Медведково,бар,14.6,мальчик,1.0,10,457,0,0,13509
Глухова; Полина,1,Международная,бар,,девочка,1.9,10,458,1,0,17464
Дубова; Марьяна,1,Павелецкая,бар,11.2,девочка,0.4,20,459,0,0,F.C.C. 13531
Бессонов; Сергей,0,Павелецкая,подворотня,,мальчик,0.3,30,460,0,0,371060
Ситников; Макар,1,Менделеевская,бар,10.8,мальчик,1.0,10,461,0,0,19952
Астафьев; Денис,0,Павелецкая,бар,7.6,мальчик,0.3,30,462,0,0,364506
Мешков; Петр,0,Митино,бар,10.5,мальчик,1.4,10,463,0,0,111320
Шаров; Савва,0,Павелецкая,бар,10.8,мальчик,0.5,20,464,0,0,234360
Яшин; Захар,0,Павелецкая,бар,,мальчик,0.3,30,465,0,0,A/S 2816
Козловский; Андрей,0,Павелецкая,бар,8.5,мальчик,0.3,30,466,0,0,SOTON/O.Q. 3101306
Туманов; Борис,0,Павелецкая,бар,,мальчик,0.0,20,467,0,0,239853
Басов; Олег,0,Павелецкая,бар,12.6,мальчик,1.0,10,468,0,0,113792
Корчагин; Дмитрий,0,Павелецкая,подворотня,,мальчик,0.3,30,469,0,0,36209
Бычкова; Арина,1,Павелецкая,начальная школа,0.1,девочка,0.7,30,470,2,1,2666
Болдырев; Марк,0,Павелецкая,бар,,мальчик,0.3,30,471,0,0,323592
Олейников; Герман,0,Павелецкая,бар,8.5,мальчик,0.3,30,472,0,0,315089
Герасимова; Самира,1,Павелецкая,бар,7.4,девочка,1.0,20,473,1,2,C.A. 34651
Чумакова; Полина,1,Киевская,начальная школа,5.1,девочка,0.5,20,474,0,0,SC/AH Basle 541
Фомичева; Елизавета,0,Павелецкая,бар,4.9,девочка,0.4,30,475,0,0,7553
Губанов; Евгений,0,Молодежная,бар,,мальчик,1.9,10,476,0,0,110465
Дубинин; Кирилл,0,Павелецкая,бар,7.6,мальчик,0.8,20,477,1,0,31027
Иванов; Богдан,0,Павелецкая,бар,6.5,мальчик,0.3,30,478,1,0,3460
Шульгин; Анатолий,0,Павелецкая,бар,4.9,мальчик,0.3,30,479,0,0,350060
Касаткина; Марина,1,Павелецкая,бар,0.4,девочка,0.5,30,480,0,1,3101298
Богданов; Степан,0,Павелецкая,бар,1.9,мальчик,1.7,30,481,5,2,CA 2144
Пирогов; Михаил,0,Павелецкая,бар,,мальчик,0.0,20,482,0,0,239854
Семин; Артур,0,Павелецкая,бар,11.2,мальчик,0.3,30,483,0,0,A/5 3594
Трошина; Ирина,1,Павелецкая,бар,14.2,девочка,0.4,30,484,0,0,4134
Никольский; Александр,1,Киевская,начальная школа,5.6,мальчик,3.4,10,485,1,0,11967
Плотникова; Полина,0,Павелецкая,бар,,девочка,0.9,30,486,3,1,4133
Самойлова; Агата,1,Добрынинская,бар,7.8,девочка,3.3,10,487,1,0,19943
Горохов; Артемий,0,Мякинино,начальная школа,13.0,мальчик,1.1,10,488,0,0,11771
Стариков; Евгений,0,Павелецкая,бар,6.7,мальчик,0.3,30,489,0,0,A.5. 18509
Рыжов; Артемий,1,Павелецкая,бар,1.9,мальчик,0.6,30,490,1,1,C.A. 37671
Ильинский; Ярослав,0,Павелецкая,бар,,мальчик,0.7,30,491,1,0,65304
Щеглов; Игорь,0,Павелецкая,бар,4.7,мальчик,0.3,30,492,0,0,SOTON/OQ 3101317
Фетисов; Петр,0,Нагатинская,бар,12.3,мальчик,1.1,10,493,0,0,113787
Колпаков; Андрей,0,Павелецкая,начальная школа,16.0,мальчик,1.8,10,494,0,0,PC 17609
Чесноков; Тихон,0,Павелецкая,бар,4.7,мальчик,0.3,30,495,0,0,A/4 45380
Зыков; Матвей,0,Павелецкая,начальная школа,,мальчик,0.5,30,496,0,0,2627
Верещагина; Милена,1,Нагорная,начальная школа,12.1,девочка,2.9,10,497,1,0,36947
Минаев; Виктор,0,Павелецкая,бар,,мальчик,0.6,30,498,0,0,C.A. 6212
Зубкова; Марьяна,0,Китай-город,бар,5.6,девочка,5.6,10,499,1,2,113781
Руднев; Михаил,0,Павелецкая,бар,5.3,мальчик,0.3,30,500,0,0,350035
Логинов; Олег,0,Павелецкая,бар,3.8,мальчик,0.3,30,501,0,0,315086
Троицкая; Виктория,0,Павелецкая,подворотня,4.7,девочка,0.3,30,502,0,0,364846
Окулова; Надежда,0,Павелецкая,подворотня,,девочка,0.3,30,503,0,0,330909
Ширяева; Ольга,0,Павелецкая,бар,8.3,девочка,0.4,30,504,0,0,4135
Малинина; Карина,1,Нахимовский Проспект,бар,3.5,девочка,3.2,10,505,0,0,110152
Колосов; Родион,0,Комсомольская,начальная школа,4.0,мальчик,4.0,10,506,1,0,PC 17758
Черепанова; Милана,1,Павелецкая,бар,7.4,девочка,1.0,20,507,0,2,26360
Измайлов; Игорь,1,Павелецкая,бар,,мальчик,1.0,10,508,0,0,111427
Князев; Алексей,0,Павелецкая,бар,6.2,мальчик,0.8,30,509,0,0,C 4001
Алехин; Григорий,1,Павелецкая,бар,5.8,мальчик,2.1,30,510,0,0,1601
Зеленин; Александр,1,Павелецкая,подворотня,6.5,мальчик,0.3,30,511,0,0,382651
Гришин; Матвей,0,Павелецкая,бар,,мальчик,0.3,30,512,0,0,SOTON/OQ 3101316
Касьянов; Семен,1,Новогиреево,бар,8.0,мальчик,1.0,10,513,0,0,PC 17473
Пугачева; Анастасия,1,Павелецкая,начальная школа,12.1,девочка,2.2,10,514,1,0,PC 17603
Павловский; Роман,0,Павелецкая,бар,5.3,мальчик,0.3,30,515,0,0,349209
Чижов; Семен,0,Новокосино,бар,10.5,мальчик,1.3,10,516,0,0,36967
Кондратова; Елизавета,1,Белорусская,бар,7.6,девочка,0.4,20,517,0,0,C.A. 34260
Воронков; Никита,0,Павелецкая,подворотня,,мальчик,0.9,30,518,0,0,371110
Капустина; Ольга,1,Павелецкая,бар,8.0,девочка,1.0,20,519,1,0,226875
Сотников; Артём,0,Павелецкая,бар,7.1,мальчик,0.3,30,520,0,0,349242
Демьянова; Варвара,1,Новокузнецкая,бар,6.7,девочка,3.5,10,521,0,0,12749
Косарев; Антон,0,Павелецкая,бар,4.9,мальчик,0.3,30,522,0,0,349252
Беликов; Олег,0,Павелецкая,начальная школа,,мальчик,0.3,30,523,0,0,2624
Кулакова; Инна,1,Крестьянская застава,начальная школа,9.9,девочка,2.2,10,524,0,1,111361
Сухарев; Артур,0,Павелецкая,начальная школа,,мальчик,0.3,30,525,0,0,2700
Белкин; Константин,0,Павелецкая,подворотня,9.1,мальчик,0.3,30,526,0,0,367232
Беспалова; Камилла,1,Павелецкая,бар,11.2,девочка,0.4,20,527,0,0,W./C. 14258
Кулагин; Вячеслав,0,Новослободская,бар,,мальчик,8.2,10,528,0,0,PC 17483
Савицкий; Давид,0,Павелецкая,бар,8.7,мальчик,0.3,30,529,0,0,3101296
Жаров; Виталий,0,Павелецкая,бар,5.1,мальчик,0.4,20,530,2,1,29104
Черепанова; Наталья,1,Павелецкая,бар,0.4,девочка,1.0,20,531,1,1,26360
Хромов; Сергей,0,Павелецкая,начальная школа,,мальчик,0.3,30,532,0,0,2641
Золотов; Владислав,0,Павелецкая,начальная школа,3.8,мальчик,0.3,30,533,1,1,2690
Громова; Инна,1,Павелецкая,начальная школа,,девочка,0.8,30,534,0,2,2668
Олейникова; Анастасия,0,Павелецкая,бар,6.7,девочка,0.3,30,535,0,0,315084
Зиновьева; Амалия,1,Павелецкая,бар,1.5,девочка,1.0,20,536,0,2,F.C.C. 13529
Еремеев; Максим,0,Новоясеневская,бар,10.1,мальчик,1.0,10,537,0,0,113050
Карташова; Кира,1,Павелецкая,начальная школа,6.7,девочка,3.9,10,538,0,0,PC 17761
Астахов; Тимур,0,Павелецкая,бар,,мальчик,0.5,30,539,0,0,364498
Русанова; Татьяна,1,Новые Черёмушки,начальная школа,4.9,девочка,1.8,10,540,0,2,13568
Сухова; Кира,1,Октябрьская,бар,8.0,девочка,2.6,10,541,0,2,WE/P 5735
Лебедева; Ярослава,0,Павелецкая,бар,1.9,девочка,1.2,30,542,4,2,347082
Лебедева; Виктория,0,Павелецкая,бар,2.4,девочка,1.2,30,543,4,2,347082
Вешняков; Артур,1,Павелецкая,бар,7.1,мальчик,1.0,20,544,1,0,2908
Волошин; Егор,0,Октябрьское Поле,начальная школа,11.2,мальчик,3.9,10,545,1,0,PC 17761
Козин; Руслан,0,Павелецкая,бар,14.4,мальчик,1.0,10,546,0,0,693
Вешнякова; Ника,1,Павелецкая,бар,4.2,девочка,1.0,20,547,1,0,2908
Худяков; Илья,1,Павелецкая,начальная школа,,мальчик,0.5,20,548,0,0,SC/PARIS 2146
Горшков; Владимир,0,Павелецкая,бар,7.4,мальчик,0.8,30,549,1,1,363291
Евсеев; Иван,1,Павелецкая,бар,1.7,мальчик,1.4,20,550,1,1,C.A. 33112
Жилин; Марсель,1,Орехово,начальная школа,3.8,мальчик,4.1,10,551,0,2,17421
Малахов; Матвей,0,Павелецкая,бар,6.0,мальчик,1.0,20,552,0,0,244358
Дементьев; Даниил,0,Павелецкая,подворотня,,мальчик,0.3,30,553,0,0,330979
Сизов; Игорь,1,Павелецкая,начальная школа,4.9,мальчик,0.3,30,554,0,0,2620
Ежова; Альбина,1,Павелецкая,бар,4.9,девочка,0.3,30,555,0,0,347085
Толкачев; Иван,0,Павелецкая,бар,13.9,мальчик,1.0,10,556,0,0,113807
Анохина; Надежда,1,Отрадное,начальная школа,10.8,девочка,1.5,10,557,1,0,11755
Вдовин; Борис,0,Павелецкая,начальная школа,,мальчик,8.4,10,558,0,0,PC 17757
Кожевникова; Дарина,1,Жулебино,бар,8.7,девочка,3.0,10,559,1,1,110413
Бабушкина; Эльвира,1,Павелецкая,бар,8.0,девочка,0.6,30,560,1,0,345572
Усов; Роман,0,Павелецкая,подворотня,,мальчик,0.3,30,561,0,0,372622
Лыков; Ян,0,Павелецкая,бар,9.0,мальчик,0.3,30,562,0,0,349251
Горлов; Тимофей,0,Павелецкая,бар,6.2,мальчик,0.5,20,563,0,0,218629
Коршунов; Александр,0,Павелецкая,бар,,мальчик,0.3,30,564,0,0,SOTON/OQ 392082
Маркелова; Ольга,0,Павелецкая,бар,,девочка,0.3,30,565,0,0,SOTON/O.Q. 392087
Евсеев; Гордей,0,Павелецкая,бар,5.3,мальчик,0.9,30,566,2,0,A/4 48871
Постников; Виталий,0,Павелецкая,бар,4.2,мальчик,0.3,30,567,0,0,349205
Михайлова; Ева,0,Павелецкая,бар,6.5,девочка,0.8,30,568,0,4,349909
Черный; Сергей,0,Павелецкая,начальная школа,,мальчик,0.3,30,569,0,0,2686
Дорохов; Андрей,1,Павелецкая,бар,7.1,мальчик,0.3,30,570,0,0,350417
Матвеев; Давид,1,Павелецкая,бар,13.9,мальчик,0.4,20,571,0,0,S.W./PP 752
Свешникова; Мария,1,Охотный ряд,бар,11.9,девочка,1.9,10,572,2,0,11769
Киреев; Елисей,1,Новогиреево,бар,8.0,мальчик,1.0,10,573,0,0,PC 17474
Трифонова; Елена,1,Павелецкая,подворотня,,девочка,0.3,30,574,0,0,14312
Гущин; Юрий,0,Павелецкая,бар,3.5,мальчик,0.3,30,575,0,0,A/4. 20589
Калугин; Кирилл,0,Павелецкая,бар,4.2,мальчик,0.5,30,576,0,0,358585
Блохина; Эвелина,1,Павелецкая,бар,7.6,девочка,0.5,20,577,0,0,243880
Дружинина; Виктория,1,Лубянка,бар,8.7,девочка,2.1,10,578,1,0,13507
Суркова; Мария,0,Павелецкая,начальная школа,,девочка,0.5,30,579,1,0,2689
Ермаков; Сергей,1,Павелецкая,бар,7.1,мальчик,0.3,30,580,0,0,STON/O 2. 3101286
Кочергина; Алёна,1,Павелецкая,бар,5.6,девочка,1.1,20,581,1,1,237789
Жилина; Вера,1,Авиамоторная,начальная школа,8.7,девочка,4.1,10,582,1,1,17421
Греков; Сергей,0,Павелецкая,бар,12.1,мальчик,1.0,20,583,0,0,28403
Казанцев; Николай,0,Парк Культуры,начальная школа,8.0,мальчик,1.5,10,584,0,0,13049
Швецов; Денис,0,Павелецкая,начальная школа,,мальчик,0.3,30,585,0,0,3411
Кожевникова; Валерия,1,Парк Победы,бар,4.0,девочка,3.0,10,586,0,2,110413
Ермилов; Рустам,0,Павелецкая,бар,10.5,мальчик,0.6,20,587,0,0,237565
Парамонов; Михаил,1,Партизанская,начальная школа,13.5,мальчик,2.9,10,588,1,1,13567
Агапов; Эдуард,0,Павелецкая,бар,4.9,мальчик,0.3,30,589,0,0,14973
Минин; Максим,0,Павелецкая,бар,,мальчик,0.3,30,590,0,0,A./5. 3235
Корнев; Данила,0,Павелецкая,бар,7.8,мальчик,0.3,30,591,0,0,STON/O 2. 3101273
Черняева; Дарья,1,Нагорная,начальная школа,11.7,девочка,2.9,10,592,1,0,36947
Гуров; Одиссей,0,Павелецкая,бар,10.5,мальчик,0.3,30,593,0,0,A/5 3902
Мухина; Инна,0,Павелецкая,подворотня,,девочка,0.3,30,594,0,2,364848
Ермолов; Сергей,0,Павелецкая,бар,8.3,мальчик,1.0,20,595,1,0,SC/AH 29037
Ерофеев; Николай,0,Павелецкая,бар,8.0,мальчик,0.9,30,596,1,1,345773
Сомова; Василиса,1,Павелецкая,бар,,девочка,1.2,20,597,0,0,248727
Новиков; Сергей,0,Павелецкая,бар,11.0,мальчик,0.0,30,598,0,0,LINE
Еремин; Артур,0,Павелецкая,начальная школа,,мальчик,0.3,30,599,0,0,2664
Анохин; Данила,1,Первомайская,начальная школа,11.0,мальчик,2.1,10,600,1,0,PC 17485
Никулина; Алия,1,Павелецкая,бар,5.3,девочка,1.0,20,601,2,1,243847
Добрынин; Николай,0,Павелецкая,бар,,мальчик,0.3,30,602,0,0,349214
Барсуков; Андрей,0,Павелецкая,бар,,мальчик,1.6,10,603,0,0,113796
Глушков; Станислав,0,Павелецкая,бар,9.9,мальчик,0.3,30,604,0,0,364511
Чеботарев; Павел,1,Павелецкая,начальная школа,7.8,мальчик,1.0,10,605,0,0,111426
Москвин; Юрий,0,Павелецкая,бар,8.0,мальчик,0.6,30,606,1,0,349910
Уваров; Егор,0,Павелецкая,бар,6.7,мальчик,0.3,30,607,0,0,349246
Безруков; Владислав,1,Павелецкая,бар,6.0,мальчик,1.1,10,608,0,0,113804
Максимова; Вероника,1,Павелецкая,начальная школа,4.9,девочка,1.5,20,609,1,2,SC/Paris 2123
Муратова; Екатерина,1,Измайловская,бар,9.0,девочка,5.7,10,610,0,0,PC 17582
Лебедева; Валерия,0,Павелецкая,бар,8.7,девочка,1.2,30,611,1,5,347082
Раков; Иван,0,Павелецкая,бар,,мальчик,0.3,30,612,0,0,SOTON/O.Q. 3101305
Владимирова; Ольга,1,Павелецкая,подворотня,,девочка,0.6,30,613,1,0,367230
Снегирев; Гордей,0,Павелецкая,подворотня,,мальчик,0.3,30,614,0,0,370377
Гладков; Тамерлан,0,Павелецкая,бар,7.8,мальчик,0.3,30,615,0,0,364512
Злобина; Лиана,1,Павелецкая,бар,5.3,девочка,2.4,20,616,1,2,220845
Озеров; Айдар,0,Павелецкая,бар,7.6,мальчик,0.5,30,617,1,1,347080
Ульянова; Лилия,0,Павелецкая,бар,5.8,девочка,0.6,30,618,1,0,A/5. 3336
Литвинова; Наталия,1,Волоколамская,бар,0.8,девочка,1.4,20,619,2,1,230136
Моргунов; Руслан,0,Павелецкая,бар,5.8,мальчик,0.4,20,620,0,0,31028
Поликарпов; Степан,0,Павелецкая,начальная школа,6.0,мальчик,0.5,30,621,1,0,2659
Рябинин; Алексей,1,Перово,бар,9.4,мальчик,1.9,10,622,1,0,11753
Рогов; Василий,1,Павелецкая,начальная школа,4.4,мальчик,0.6,30,623,1,1,2653
Судаков; Олег,0,Павелецкая,бар,4.7,мальчик,0.3,30,624,0,0,350029
Кукушкин; Юрий,0,Павелецкая,бар,4.7,мальчик,0.6,30,625,0,0,54636
Калачев; Дмитрий,0,Петровско-Разумовская,бар,13.7,мальчик,1.2,10,626,0,0,36963
Грибов; Константин,0,Павелецкая,подворотня,12.8,мальчик,0.5,20,627,0,0,219533
Елизарова; Амина,1,Печатники,бар,4.7,девочка,2.9,10,628,0,0,13502
Абаринов; Михаил,0,Павелецкая,бар,5.8,мальчик,0.3,30,629,0,0,349224
Томбаев; Глеб,0,Павелецкая,подворотня,,мальчик,0.3,30,630,0,0,334912
Роткин; Тимур,1,Пионерская,бар,18.0,мальчик,1.1,10,631,0,0,27042
Светчиков; Анатолий,0,Павелецкая,бар,11.4,мальчик,0.3,30,632,0,0,347743
Поскакужин; Амир,1,Планерная,начальная школа,7.1,мальчик,1.1,10,633,0,0,13214
Новоганский; Игорь,0,Павелецкая,бар,,мальчик,0.0,10,634,0,0,112052
Титова; Елена,0,Павелецкая,бар,1.9,девочка,1.0,30,635,3,2,347088
Корчатова; Агата,1,Павелецкая,бар,6.2,девочка,0.5,20,636,0,0,237668
Марготин; Арсений,0,Павелецкая,бар,7.1,мальчик,0.3,30,637,0,0,STON/O 2. 3101292
Авдеев; Одиссей,0,Павелецкая,бар,6.9,мальчик,1.0,20,638,1,1,C.A. 31921
Антонова; Ангелина,0,Павелецкая,бар,9.2,девочка,1.5,30,639,0,5,3101295
Ананьев; Петр,0,Павелецкая,бар,,мальчик,0.6,30,640,1,0,376564
Емильянов; Валерий,0,Павелецкая,бар,4.4,мальчик,0.3,30,641,0,0,350050
Аветисова; Владислава,1,Курская,начальная школа,5.3,девочка,2.6,10,642,0,0,PC 17477
Титова; Диана,0,Павелецкая,бар,0.4,девочка,1.0,30,643,3,2,347088
Баглиев; Сергей,1,Павелецкая,бар,,мальчик,2.1,30,644,0,0,1601
Бычкова; Евгения,1,Павелецкая,начальная школа,0.1,девочка,0.7,30,645,2,1,2666
Жуков; Арсений,1,Бабушкинская,начальная школа,10.8,мальчик,2.8,10,646,1,0,PC 17572
Араблинский; Всеволод,0,Павелецкая,бар,4.2,мальчик,0.3,30,647,0,0,349231
Кряченков; Андрей,1,Площадь Ильича,начальная школа,12.6,мальчик,1.3,10,648,0,0,13213
Муслов; Егор,0,Павелецкая,бар,,мальчик,0.3,30,649,0,0,S.O./P.P. 751
Чеснокова; Милана,1,Павелецкая,бар,5.1,девочка,0.3,30,650,0,0,CA. 2314
Болятинский; Ярослав,0,Павелецкая,бар,,мальчик,0.3,30,651,0,0,349221
Воронина; Ангелина,1,Павелецкая,бар,4.0,девочка,0.9,20,652,0,1,231919
Филаретов; Николай,0,Павелецкая,бар,4.7,мальчик,0.3,30,653,0,0,8475
Погосова; Алина,1,Павелецкая,подворотня,,девочка,0.3,30,654,0,0,330919
Раздумина; Есения,0,Павелецкая,подворотня,4.0,девочка,0.3,30,655,0,0,365226
Грачев; Иван,0,Павелецкая,бар,5.3,мальчик,2.7,20,656,2,0,S.O.C. 14879
Форопанов; Алексей,0,Павелецкая,бар,,мальчик,0.3,30,657,0,0,349223
Мухина; Наташа,0,Павелецкая,подворотня,7.1,девочка,0.6,30,658,1,1,364849
Тещерский; Вадим,0,Павелецкая,бар,5.1,мальчик,0.5,20,659,0,0,29751
Петухов; Давид,0,Площадь Революции,начальная школа,13.0,мальчик,4.2,10,660,0,2,35273
Макеев; Святослав,1,Павелецкая,бар,11.2,мальчик,5.0,10,661,2,0,PC 17611
Антошечкин; Виктор,0,Павелецкая,начальная школа,9.0,мальчик,0.3,30,662,0,0,2623
Тимершанов; Павел,0,Полежаевская,бар,10.5,мальчик,0.9,10,663,0,0,5727
Павловский; Сергей,0,Павелецкая,бар,8.0,мальчик,0.3,30,664,0,0,349210
Ислямов; Глеб,1,Павелецкая,бар,4.4,мальчик,0.3,30,665,1,0,STON/O 2. 3101285
Грачев; Рамиль,0,Павелецкая,бар,7.1,мальчик,2.7,20,666,2,0,S.O.C. 14879
Сарыков; Руслан,0,Павелецкая,бар,5.6,мальчик,0.5,20,667,0,0,234686
Балинский; Данил,0,Павелецкая,бар,,мальчик,0.3,30,668,0,0,312993
Кольдин; Андрей,0,Павелецкая,бар,9.6,мальчик,0.3,30,669,0,0,A/5 3536
Чивелева; Тамара,1,Полянка,бар,,девочка,1.9,10,670,1,0,19996
Корнеева; Зарина,1,Павелецкая,бар,9.0,девочка,1.4,20,671,1,1,29750
Аляждинов; Данила,0,Пражская,бар,6.9,мальчик,1.9,10,672,1,0,F.C. 12750
Бзырин; Олег,0,Павелецкая,бар,15.7,мальчик,0.4,20,673,0,0,C.A. 24580
Скрипицин; Рустам,1,Павелецкая,бар,6.9,мальчик,0.5,20,674,0,0,244270
Лютинский; Михаил,0,Павелецкая,бар,,мальчик,0.0,20,675,0,0,239856
Ашивкин; Игорь,0,Павелецкая,бар,4.0,мальчик,0.3,30,676,0,0,349912
Немаловский; Максим,0,Павелецкая,бар,5.4,мальчик,0.3,30,677,0,0,342826
Антрохина; Наталия,1,Павелецкая,бар,4.0,девочка,0.4,30,678,0,0,4138
Богданова; Ксения,0,Павелецкая,бар,9.6,девочка,1.7,30,679,1,6,CA 2144
Канягин; Данил,1,Преображенская площадь,начальная школа,8.0,мальчик,19.0,10,680,0,1,PC 17755
Фишева; Елизавета,0,Павелецкая,подворотня,,девочка,0.3,30,681,0,0,330935
Лисицинский; Виктор,1,Пролетарская,начальная школа,6.0,мальчик,2.8,10,682,0,0,PC 17572
Графкин; Марк,0,Павелецкая,бар,4.4,мальчик,0.3,30,683,0,0,6563
Богданов; Евгений,0,Павелецкая,бар,3.1,мальчик,1.7,30,684,5,2,CA 2144
Корнеев; Игорь,0,Павелецкая,бар,13.5,мальчик,1.4,20,685,1,1,29750
Максимов; Михаил,0,Павелецкая,начальная школа,5.6,мальчик,1.5,20,686,1,2,SC/Paris 2123
Антонов; Максим,0,Павелецкая,бар,3.1,мальчик,1.5,30,687,4,1,3101295
Степичев; Роман,0,Павелецкая,бар,4.2,мальчик,0.4,30,688,0,0,349228
Шиновников; Никита,0,Павелецкая,бар,4.0,мальчик,0.3,30,689,0,0,350036
Шишмакова; Алла,1,Проспект Вернадского,бар,3.3,девочка,7.8,10,690,0,1,24160
Нифтулин; Константин,1,Проспект Мира,бар,6.9,мальчик,2.1,10,691,1,0,17474
Поплева; Ольга,1,Павелецкая,начальная школа,0.8,девочка,0.5,30,692,0,1,349256
Синегаев; Артём,1,Павелецкая,бар,,мальчик,2.1,30,693,0,0,1601
Усагин; Тимур,0,Павелецкая,начальная школа,5.6,мальчик,0.3,30,694,0,0,2672
Нардюжев; Одиссей,0,Павелецкая,бар,13.5,мальчик,1.0,10,695,0,0,113800
Ермолов; Максим,0,Павелецкая,бар,11.7,мальчик,0.5,20,696,0,0,248731
Трифонов; Дамир,0,Павелецкая,бар,9.9,мальчик,0.3,30,697,0,0,363592
Гумирова; Анна,1,Павелецкая,подворотня,,девочка,0.3,30,698,0,0,35852
Жилин; Олег,0,Авиамоторная,начальная школа,11.0,мальчик,4.1,10,699,1,1,17421
Карандин; Мирон,0,Профсоюзная,бар,9.4,мальчик,0.3,30,700,0,0,348121
Юренкова; Вероника,1,Пушкинская,начальная школа,4.0,девочка,8.4,10,701,1,0,PC 17757
Стрекулев; Демид,1,Пятницкое шоссе,бар,7.8,мальчик,1.0,10,702,0,0,PC 17475
Парфенова; Полина,0,Павелецкая,начальная школа,4.0,девочка,0.5,30,703,0,1,2691
Осликовский; Алексей,0,Павелецкая,подворотня,5.6,мальчик,0.3,30,704,0,0,36864
Судаков; Даниэль,0,Павелецкая,бар,5.8,мальчик,0.3,30,705,1,0,350025
Астафьев; Максим,0,Павелецкая,бар,8.7,мальчик,1.0,20,706,0,0,250655
Трифонова; Варвара,1,Павелецкая,бар,10.1,девочка,0.5,20,707,0,0,223596
Манаковский; Глеб,1,Пятницкое шоссе,бар,9.4,мальчик,1.0,10,708,0,0,PC 17476
Миличихина; Наталья,1,Павелецкая,бар,4.9,девочка,5.6,10,709,0,0,113781
Миронов; Тимофей,1,Павелецкая,начальная школа,,мальчик,0.6,30,710,1,1,2661
Заречина; Инна,1,Речной вокзал,начальная школа,5.3,девочка,1.8,10,711,0,0,PC 17482
Бенцкий; Илья,0,Кропоткинская,бар,,мальчик,1.0,10,712,0,0,113028
Чивелев; Владимир,1,Полянка,бар,10.8,мальчик,1.9,10,713,1,0,19996
Черкасов; Арсен,0,Павелецкая,бар,6.5,мальчик,0.4,30,714,0,0,7545
Худушин; Самир,0,Павелецкая,бар,11.7,мальчик,0.5,20,715,0,0,250647
Голубковский; Андрей,0,Беляево,бар,4.2,мальчик,0.3,30,716,0,0,348124
Ваньтяева; Есения,1,Рижская,начальная школа,8.5,девочка,8.4,10,717,0,0,PC 17757
Пшеннова; Лариса,1,Братиславская,бар,6.0,девочка,0.4,20,718,0,0,34218
Скорлунин; Александр,0,Павелецкая,подворотня,,мальчик,0.6,30,719,0,0,36568
Новиков; Герман,0,Павелецкая,бар,7.4,мальчик,0.3,30,720,0,0,347062
Жукова; Вера,1,Павелецкая,бар,1.3,девочка,1.2,20,721,0,1,248727
Емильянов; Павел,0,Павелецкая,бар,3.8,мальчик,0.3,30,722,1,0,350048
Акулов; Мирослав,0,Павелецкая,бар,7.6,мальчик,0.5,20,723,0,0,12233
Мекеницкий; Виталий,0,Павелецкая,бар,11.2,мальчик,0.5,20,724,0,0,250643
Черинов; Захар,1,Римская,бар,6.0,мальчик,2.0,10,725,1,0,113806
Дегтярев; Анатолий,0,Павелецкая,бар,4.4,мальчик,0.3,30,726,0,0,315094
Дубинина; Вера,1,Павелецкая,бар,6.7,девочка,0.8,20,727,3,0,31027
Квасницкая; Мирослава,1,Павелецкая,подворотня,,девочка,0.3,30,728,0,0,36866
Мышинский; Ильдар,0,Павелецкая,бар,5.6,мальчик,1.0,20,729,1,0,236853
Бусулаева; Елена,0,Павелецкая,бар,5.6,девочка,0.3,30,730,1,0,STON/O2. 3101271
Васильева; Кира,1,Проспект Вернадского,бар,6.5,девочка,7.8,10,731,0,0,24160
Штарков; Тимофей,0,Павелецкая,начальная школа,2.4,мальчик,0.7,30,732,0,0,2699
Синаевский; Владислав,0,Павелецкая,бар,,мальчик,0.0,20,733,0,0,239855
Песоцкий; Василий,0,Павелецкая,бар,5.1,мальчик,0.5,20,734,0,0,28425
Вещинов; Владимир,0,Павелецкая,бар,5.1,мальчик,0.5,20,735,0,0,233639
Козлов; Святослав,0,Павелецкая,бар,6.4,мальчик,0.6,30,736,0,0,54636
Федотова; Галина,0,Павелецкая,бар,10.8,девочка,1.3,30,737,1,3,W./C. 6608
Рыченков; Мирон,1,Румянцево,начальная школа,7.8,мальчик,19.0,10,738,0,0,PC 17755
Каратаев; Игорь,0,Павелецкая,бар,,мальчик,0.3,30,739,0,0,349201
Миламедов; Денис,0,Павелецкая,бар,,мальчик,0.3,30,740,0,0,349218
Шмидков; Дамир,1,Рязанский проспект,бар,,мальчик,1.1,10,741,0,0,16988
Такшеев; Андрей,0,Савеловская,бар,8.0,мальчик,2.9,10,742,1,0,19877
Лаптева; Наталия,1,Коломенская,начальная школа,4.7,девочка,9.7,10,743,2,2,PC 17608
Трепетцов; Виталий,0,Павелецкая,бар,5.3,мальчик,0.6,30,744,1,0,376566
Гаджифагомедов; Данила,1,Павелецкая,бар,6.9,мальчик,0.3,30,745,0,0,STON/O 2. 3101288
Сухов; Степан,0,Октябрьская,бар,15.7,мальчик,2.6,10,746,1,1,WE/P 5735
Копылов; Максим,0,Павелецкая,бар,3.5,мальчик,0.8,30,747,1,1,C.A. 2673
Дембинская; Вероника,1,Павелецкая,бар,6.7,девочка,0.5,20,748,0,0,250648
Зыков-мызин; Алексей,0,Саларьево,бар,4.2,мальчик,2.0,10,749,1,0,113773
Бизгаев; Елисей,0,Павелецкая,подворотня,6.9,мальчик,0.3,30,750,0,0,335097
Тугланова; Алёна,1,Павелецкая,бар,0.8,девочка,0.9,20,751,1,1,29103
Кашнин; Тимофей,1,Свиблово,бар,1.3,мальчик,0.5,30,752,0,1,392096
Кацауров; Анатолий,0,Павелецкая,бар,7.4,мальчик,0.4,30,753,0,0,345780
Аркаткин; Александр,0,Павелецкая,бар,5.1,мальчик,0.3,30,754,0,0,349204
Злобина; Оксана,1,Павелецкая,бар,10.8,девочка,2.4,20,755,1,2,220845
Фирсов; Руслан,1,Павелецкая,бар,0.1,мальчик,0.5,20,756,1,1,250649
Клянов; Гордей,0,Павелецкая,бар,6.2,мальчик,0.3,30,757,0,0,350042
Ярапов; Вадим,0,Павелецкая,бар,4.0,мальчик,0.4,20,758,0,0,29108
Бадиатуллин; Тимур,0,Павелецкая,бар,7.6,мальчик,0.3,30,759,0,0,363294
Полотнщикова; Инна,1,Домодедовская,бар,7.4,девочка,3.2,10,760,0,0,110152
Таймасов; Елисей,0,Павелецкая,бар,,мальчик,0.5,30,761,0,0,358585
Маронов; Эдуард,0,Павелецкая,бар,9.2,мальчик,0.3,30,762,0,0,SOTON/O2 3101272
Читалин; Данил,1,Павелецкая,начальная школа,4.4,мальчик,0.3,30,763,0,0,2663
Панина; Дарья,1,Лермонтовский проспект,бар,8.0,девочка,4.5,10,764,1,2,113760
Ромишевский; Максим,0,Павелецкая,бар,3.5,мальчик,0.3,30,765,0,0,347074
Туникина; Ангелина,1,Севастопольская,бар,11.4,девочка,2.9,10,766,1,0,13502
Зарубаев; Демид,0,Павелецкая,начальная школа,,мальчик,1.5,10,767,0,0,112379
Кинчикова; Виктория,0,Павелецкая,подворотня,6.8,девочка,0.3,30,768,0,0,364850
Петров; Андрей,0,Павелецкая,подворотня,,мальчик,0.9,30,769,1,0,371110
Концев; Василий,0,Павелецкая,бар,7.1,мальчик,0.3,30,770,0,0,8471
Разинькин; Константин,0,Павелецкая,бар,5.3,мальчик,0.4,30,771,0,0,345781
Емильянов; Юрий,0,Павелецкая,бар,10.8,мальчик,0.3,30,772,0,0,350047
Ветлова; Дарина,0,Семеновская,бар,12.8,девочка,0.4,20,773,0,0,S.O./P.P. 3
Золотов; Николай,0,Павелецкая,начальная школа,,мальчик,0.3,30,774,0,0,2674
Жарова; Ариана,1,Павелецкая,бар,12.1,девочка,0.9,20,775,1,3,29105
Гарлачев; Эмиль,0,Павелецкая,бар,4.0,мальчик,0.3,30,776,0,0,347078
Вартазаров; Николай,0,Серпуховская,подворотня,,мальчик,0.3,30,777,0,0,383121
Акридова; Инна,1,Павелецкая,бар,1.0,девочка,0.5,30,778,0,0,364516
Куроков; Дамир,0,Павелецкая,подворотня,,мальчик,0.3,30,779,0,0,36865
Асарина; Ясмина,1,Славянский бульвар,бар,9.6,девочка,7.8,10,780,0,1,24160
Мухарева; Наталья,1,Павелецкая,начальная школа,2.8,девочка,0.3,30,781,0,0,2687
Нифтулина; Алла,1,Проспект Мира,бар,3.8,девочка,2.1,10,782,1,0,17474
Микушин; Вячеслав,0,Смоленская,бар,6.5,мальчик,1.1,10,783,0,0,113501
Поликухин; Семен,0,Павелецкая,бар,,мальчик,0.9,30,784,1,2,W./C. 6607
Беляков; Захар,0,Павелецкая,бар,5.6,мальчик,0.3,30,785,0,0,SOTON/O.Q. 3101312
Жиглинский; Руслан,0,Павелецкая,бар,5.6,мальчик,0.3,30,786,0,0,374887
Никушина; Валерия,1,Павелецкая,бар,4.0,девочка,0.3,30,787,0,0,3101265
Павлов; Вячеслав,0,Павелецкая,подворотня,1.7,мальчик,1.1,30,788,4,1,382652
Быков; Дмитрий,1,Павелецкая,бар,0.1,мальчик,0.8,30,789,1,2,C.A. 2315
Солодин; Леонид,0,Сокол,начальная школа,10.3,мальчик,2.9,10,790,0,0,PC 17593
Круглов; Эдуард,0,Павелецкая,подворотня,,мальчик,0.3,30,791,0,0,12460
Бакумкин; Евгений,0,Павелецкая,бар,3.5,мальчик,1.0,20,792,0,0,239865
Воронова; Ксения,0,Павелецкая,бар,,девочка,2.6,30,793,8,2,CA. 2343
Самойлов; Максим,0,Павелецкая,начальная школа,,мальчик,1.1,10,794,0,0,PC 17600
Браташов; Тимофей,0,Павелецкая,бар,5.6,мальчик,0.3,30,795,0,0,349203
Семынский; Егор,0,Павелецкая,бар,8.7,мальчик,0.5,20,796,0,0,28213
Белопухова; Эвелина,1,Сокольники,бар,11.0,девочка,1.0,10,797,0,0,17465
Сисецкая; Нина,1,Павелецкая,бар,6.9,девочка,0.3,30,798,0,0,349244
Сошин; Егор,0,Павелецкая,начальная школа,6.7,мальчик,0.3,30,799,0,0,2685
Ерофеева; Наталия,0,Павелецкая,бар,6.7,девочка,0.9,30,800,1,1,345773
Ждахин; Николай,0,Павелецкая,бар,7.6,мальчик,0.5,20,801,0,0,250647
Авдеева; Олеся,1,Павелецкая,бар,6.9,девочка,1.0,20,802,1,1,C.A. 31921
Панин; Эдуард,1,Лермонтовский проспект,бар,2.4,мальчик,4.5,10,803,1,2,113760
Нечецкий; Роман,1,Павелецкая,начальная школа,0.0,мальчик,0.3,30,804,0,1,2625
Голубев-ильин; Матвей,1,Павелецкая,бар,6.0,мальчик,0.3,30,805,0,0,347089
Кудрявцев; Дамир,0,Павелецкая,бар,6.9,мальчик,0.3,30,806,0,0,347063
Любимов; Савва,0,Спартак,бар,8.7,мальчик,0.0,10,807,0,0,112050
Флягина; Вероника,0,Павелецкая,бар,4.0,девочка,0.3,30,808,0,0,347087
Кузьмин; Василий,0,Павелецкая,бар,8.7,мальчик,0.5,20,809,0,0,248723
Черинова; Кира,1,Римская,бар,7.4,девочка,2.0,10,810,1,0,113806
Остряков; Глеб,0,Павелецкая,бар,5.8,мальчик,0.3,30,811,0,0,3474
Шляхмин; Демид,0,Павелецкая,бар,8.7,мальчик,0.9,30,812,0,0,A/4 48871
Гавшин; Олег,0,Павелецкая,бар,7.8,мальчик,0.4,20,813,0,0,28206
Лебедева; Агата,0,Павелецкая,бар,1.3,девочка,1.2,30,814,4,2,347082
Адрашитов; Рамиль,0,Павелецкая,бар,6.8,мальчик,0.3,30,815,0,0,364499
Неганов; Тимур,0,Спортивная,бар,,мальчик,0.0,10,816,0,0,112058
Хенулова; Мадина,0,Павелецкая,бар,5.1,девочка,0.3,30,817,0,0,STON/O2. 3101290
Никислин; Максим,0,Павелецкая,начальная школа,6.9,мальчик,1.4,20,818,1,1,S.C./PARIS 2079
Бейсембетов; Тимофей,0,Павелецкая,бар,9.6,мальчик,0.2,30,819,0,0,C 7075
Титов; Григорий,0,Павелецкая,бар,2.2,мальчик,1.0,30,820,3,2,347088
Шмелева; Светлана,1,Сретенский бульвар,бар,11.7,девочка,3.5,10,821,1,1,12749
Привалов; Олег,1,Павелецкая,бар,6.0,мальчик,0.3,30,822,0,0,315098
Обивалин; Демид,0,Павелецкая,бар,8.5,мальчик,0.0,10,823,0,0,19972
Кашнина; Ангелина,1,Свиблово,бар,6.0,девочка,0.5,30,824,0,1,392096
Антонов; Савелий,0,Павелецкая,бар,0.4,мальчик,1.5,30,825,4,1,3101295
Киреев; Иван,0,Павелецкая,подворотня,,мальчик,0.3,30,826,0,0,368323
Синегаев; Артемий,0,Павелецкая,бар,,мальчик,2.1,30,827,0,0,1601
Никислин; Никита,1,Павелецкая,начальная школа,0.1,мальчик,1.4,20,828,0,2,S.C./PARIS 2079
Боздняков; Гордей,1,Павелецкая,подворотня,,мальчик,0.3,30,829,0,0,367228
Срубщикова; Екатерина,1,Бауманская,,13.9,девочка,3.0,10,830,0,0,113572
Поликарпова; Олеся,1,Павелецкая,начальная школа,3.3,девочка,0.5,30,831,1,0,2659
Шувалов; Евгений,1,Павелецкая,бар,0.1,мальчик,0.7,20,832,1,1,29106
Усагин; Макар,0,Павелецкая,начальная школа,,мальчик,0.3,30,833,0,0,2671
Помадков; Сергей,0,Павелецкая,бар,5.1,мальчик,0.3,30,834,0,0,347468
Аниенков; Кирилл,0,Павелецкая,бар,4.0,мальчик,0.3,30,835,0,0,2223
Шуйкина; Людмила,1,Строгино,начальная школа,8.7,девочка,3.1,10,836,1,1,PC 17756
Романовский; Илья,0,Павелецкая,бар,4.7,мальчик,0.3,30,837,0,0,315097
Милакин; Мирослав,0,Павелецкая,бар,,мальчик,0.3,30,838,0,0,392092
Парнышков; Георгий,1,Павелецкая,бар,7.1,мальчик,2.1,30,839,0,0,1601
Клепнев-арсентьев; Владислав,1,Студенческая,начальная школа,,мальчик,1.1,10,840,0,0,11774
Мадякин; Федор,0,Павелецкая,бар,4.4,мальчик,0.3,30,841,0,0,SOTON/O2 3101287
Мурюшин; Алексей,0,Павелецкая,бар,3.5,мальчик,0.4,20,842,0,0,S.O./P.P. 3
Оловянникова; Ева,1,Павелецкая,начальная школа,6.7,девочка,1.1,10,843,0,0,113798
Кочеганов; Егор,0,Павелецкая,начальная школа,7.7,мальчик,0.2,30,844,0,0,2683
Бурдуков; Данила,0,Павелецкая,бар,3.8,мальчик,0.3,30,845,0,0,315090
Серепскин; Роберт,0,Павелецкая,бар,9.4,мальчик,0.3,30,846,0,0,C.A. 5547
Воронов; Одиссей,0,Павелецкая,бар,,мальчик,2.6,30,847,8,2,CA. 2343
Урляпов; Игнат,0,Павелецкая,начальная школа,7.8,мальчик,0.3,30,848,0,0,349213
Жуков; Адель,0,Павелецкая,бар,6.2,мальчик,1.2,20,849,0,1,248727
Дьякова; Дарья,1,Марьино,начальная школа,,девочка,3.3,10,850,1,0,17453
Лебедев; Роман,0,Павелецкая,бар,0.8,мальчик,1.2,30,851,4,2,347082
Руднев; Тимур,0,Павелецкая,бар,16.6,мальчик,0.3,30,852,0,0,347060
Еремина; Кира,0,Павелецкая,начальная школа,1.9,девочка,0.6,30,853,1,1,2678
Бурянина; Евгения,1,Сухаревская,бар,3.5,девочка,1.5,10,854,0,1,PC 17592
Панина; Мелания,0,Павелецкая,бар,9.9,девочка,1.0,20,855,1,0,244252
Войтикова; Екатерина,1,Павелецкая,бар,4.0,девочка,0.3,30,856,0,1,392091
Столярова; Ангелина,1,Павелецкая,бар,10.1,девочка,6.1,10,857,1,1,36928
Зеленин; Айдар,1,Сходненская,бар,11.4,мальчик,1.0,10,858,0,0,113055
Бычкова; Наталия,1,Павелецкая,начальная школа,5.3,девочка,0.7,30,859,0,3,2666
Репикин; Данила,0,Павелецкая,начальная школа,,мальчик,0.3,30,860,0,0,2629
Судаков; Мирон,0,Павелецкая,бар,9.2,мальчик,0.5,30,861,2,0,350026
Уланчев; Платон,0,Павелецкая,бар,4.7,мальчик,0.4,20,862,1,0,28134
Аферьева; Нина,1,Сокольники,бар,10.8,девочка,1.0,10,863,0,0,17466
Воронова; Мария,0,Павелецкая,бар,,девочка,2.6,30,864,8,2,CA. 2343
Алалыкин; Альберт,0,Павелецкая,бар,5.3,мальчик,0.5,20,865,0,0,233866
Башковская; Татьяна,1,Павелецкая,бар,9.4,девочка,0.5,20,866,0,0,236852
Атнабаева; Мария,1,Павелецкая,начальная школа,6.0,девочка,0.5,20,867,1,0,SC/PARIS 2149
Кумичев; Денис,0,Таганская,бар,6.9,мальчик,1.9,10,868,0,0,PC 17590
Селихов; Герман,0,Павелецкая,бар,,мальчик,0.4,30,869,0,0,345777
Новиков; Савелий,1,Павелецкая,бар,0.8,мальчик,0.4,30,870,1,1,347742
Дармодекин; Андрей,0,Павелецкая,бар,5.8,мальчик,0.3,30,871,0,0,349248
Андрианова; Александра,1,Дубровка,бар,10.5,девочка,1.9,10,872,1,1,11751
Клянов; Амир,0,Преображенская площадь,бар,7.4,мальчик,0.2,10,873,0,0,695
Потрошков; Марат,0,Павелецкая,бар,10.5,мальчик,0.3,30,874,0,0,345765
Рожкова; Евгения,1,Павелецкая,начальная школа,6.2,девочка,0.9,20,875,1,0,P/PP 3381
Чеванина; Елена,1,Павелецкая,начальная школа,3.3,девочка,0.3,30,876,0,0,2667
Прохоров; Юрий,0,Павелецкая,бар,4.4,мальчик,0.4,30,877,0,0,7534
Пономарев; Роман,0,Павелецкая,бар,4.2,мальчик,0.3,30,878,0,0,349212
Укладников; Евгений,0,Павелецкая,бар,,мальчик,0.3,30,879,0,0,349217
Ендрусина; Наталия,1,Текстильщики,начальная школа,12.6,девочка,3.1,10,880,0,1,11767
Шекаева; Юлия,1,Павелецкая,бар,5.6,девочка,1.0,20,881,0,1,230433
Скучалин; Марк,0,Павелецкая,бар,7.4,мальчик,0.3,30,882,0,0,349257
Закомолдина; Маргарита,0,Павелецкая,бар,4.9,девочка,0.4,30,883,0,0,7552
Манасыпов; Алексей,0,Павелецкая,бар,6.2,мальчик,0.4,20,884,0,0,C.A./SOTON 34068
Джагаев; Владислав,0,Павелецкая,бар,5.6,мальчик,0.3,30,885,0,0,SOTON/OQ 392076
Павлова; Ирина,0,Павелецкая,подворотня,8.7,девочка,1.1,30,886,0,5,382652
Лукаев; Илья,0,Павелецкая,бар,6.0,мальчик,0.5,20,887,0,0,211536
Филимонова; Полина,1,Теплый стан,бар,4.2,девочка,1.1,10,888,0,0,112053
Поликухина; Алина,0,Павелецкая,бар,,девочка,0.9,30,889,1,2,W./C. 6607
Гуркалов; Денис,1,Тверская,начальная школа,5.8,мальчик,1.1,10,890,0,0,111369
Панфенов; Роман,0,Павелецкая,подворотня,7.1,мальчик,0.3,30,891,0,0,370376
